CREATE DATABASE  IF NOT EXISTS `pim` /*!40100 DEFAULT CHARACTER SET utf8 */;
USE `pim`;
-- MySQL dump 10.13  Distrib 5.7.17, for Win64 (x86_64)
--
-- Host: 127.0.0.1    Database: pim
-- ------------------------------------------------------
-- Server version	5.7.25

/*!40101 SET @OLD_CHARACTER_SET_CLIENT=@@CHARACTER_SET_CLIENT */;
/*!40101 SET @OLD_CHARACTER_SET_RESULTS=@@CHARACTER_SET_RESULTS */;
/*!40101 SET @OLD_COLLATION_CONNECTION=@@COLLATION_CONNECTION */;
/*!40101 SET NAMES utf8 */;
/*!40103 SET @OLD_TIME_ZONE=@@TIME_ZONE */;
/*!40103 SET TIME_ZONE='+00:00' */;
/*!40014 SET @OLD_UNIQUE_CHECKS=@@UNIQUE_CHECKS, UNIQUE_CHECKS=0 */;
/*!40014 SET @OLD_FOREIGN_KEY_CHECKS=@@FOREIGN_KEY_CHECKS, FOREIGN_KEY_CHECKS=0 */;
/*!40101 SET @OLD_SQL_MODE=@@SQL_MODE, SQL_MODE='NO_AUTO_VALUE_ON_ZERO' */;
/*!40111 SET @OLD_SQL_NOTES=@@SQL_NOTES, SQL_NOTES=0 */;

--
-- Table structure for table `brands`
--

DROP TABLE IF EXISTS `brands`;
/*!40101 SET @saved_cs_client     = @@character_set_client */;
/*!40101 SET character_set_client = utf8 */;
CREATE TABLE `brands` (
  `brand_id` int(11) NOT NULL AUTO_INCREMENT,
  `name` varchar(100) NOT NULL,
  `country` varchar(2) DEFAULT NULL,
  `is_active` tinyint(1) DEFAULT '0',
  `create_date` timestamp NOT NULL DEFAULT CURRENT_TIMESTAMP,
  PRIMARY KEY (`brand_id`)
) ENGINE=InnoDB AUTO_INCREMENT=15 DEFAULT CHARSET=utf8;
/*!40101 SET character_set_client = @saved_cs_client */;

--
-- Dumping data for table `brands`
--

LOCK TABLES `brands` WRITE;
/*!40000 ALTER TABLE `brands` DISABLE KEYS */;
INSERT INTO `brands` VALUES (1,'Colgate','UK',1,'2019-04-17 13:49:35'),(2,'Nintendo','US',1,'2019-04-17 13:49:35'),(3,'Sony','UK',1,'2019-04-17 13:49:35'),(4,'LG','UK',1,'2019-04-17 13:49:35'),(5,'Razer','CN',1,'2019-04-17 13:49:35'),(6,'Alienware','US',1,'2019-04-17 13:49:35'),(7,'Microsoft','IE',1,'2019-04-17 13:49:35'),(8,'Google','US',1,'2019-04-17 13:49:35'),(9,'Lifx','UK',1,'2019-04-17 13:49:35'),(10,'Fitbit','UK',1,'2019-04-17 13:49:35'),(11,'Colgate','UK',1,'2019-04-17 13:49:35'),(12,'Colgate','UK',1,'2019-04-17 13:49:35'),(13,'Colgate','UK',1,'2019-04-17 13:49:35'),(14,'Colgate','UK',1,'2019-04-17 13:49:35');
/*!40000 ALTER TABLE `brands` ENABLE KEYS */;
UNLOCK TABLES;

--
-- Table structure for table `customers`
--

DROP TABLE IF EXISTS `customers`;
/*!40101 SET @saved_cs_client     = @@character_set_client */;
/*!40101 SET character_set_client = utf8 */;
CREATE TABLE `customers` (
  `customer_id` int(11) NOT NULL AUTO_INCREMENT,
  `name` varchar(100) NOT NULL,
  `surname` varchar(100) NOT NULL,
  `country` varchar(2) NOT NULL,
  `email` varchar(200) NOT NULL,
  `username` varchar(50) NOT NULL,
  `create_date` timestamp NOT NULL DEFAULT CURRENT_TIMESTAMP,
  PRIMARY KEY (`customer_id`)
) ENGINE=InnoDB AUTO_INCREMENT=101 DEFAULT CHARSET=utf8;
/*!40101 SET character_set_client = @saved_cs_client */;

--
-- Dumping data for table `customers`
--

LOCK TABLES `customers` WRITE;
/*!40000 ALTER TABLE `customers` DISABLE KEYS */;
INSERT INTO `customers` VALUES (1,'Jordan','Kersley','ES','jkersley0@harvard.edu','jkersley0','2019-04-16 19:27:37'),(2,'Bud','Pashler','ID','bpashler1@comsenz.com','bpashler1','2019-04-16 19:27:37'),(3,'Tremain','Dumsday','ID','tdumsday2@ibm.com','tdumsday2','2019-04-16 19:27:37'),(4,'Gannie','Addison','KE','gaddison3@huffingtonpost.com','gaddison3','2019-04-16 19:27:37'),(5,'Cindi','Danilovitch','US','cdanilovitch4@nationalgeographic.com','cdanilovitch4','2019-04-16 19:27:37'),(6,'Myrtice','Ort','RS','mort5@comcast.net','mort5','2019-04-16 19:27:37'),(7,'Caitlin','Paz','FR','cpaz6@phpbb.com','cpaz6','2019-04-16 19:27:37'),(8,'Nicolai','Cheson','RU','ncheson7@telegraph.co.uk','ncheson7','2019-04-16 19:27:37'),(9,'Bram','Duetsche','PL','bduetsche8@histats.com','bduetsche8','2019-04-16 19:27:37'),(10,'Kimmie','Bristo','CA','kbristo9@bbb.org','kbristo9','2019-04-16 19:27:37'),(11,'Carrol','Hedin','RU','chedina@stumbleupon.com','chedina','2019-04-16 19:27:37'),(12,'Del','Ofer','MU','doferb@thetimes.co.uk','doferb','2019-04-16 19:27:37'),(13,'Catherine','Tetford','ID','ctetfordc@is.gd','ctetfordc','2019-04-16 19:27:37'),(14,'Elsi','Stienham','PH','estienhamd@hud.gov','estienhamd','2019-04-16 19:27:37'),(15,'Iggie','Giannassi','CN','igiannassie@aboutads.info','igiannassie','2019-04-16 19:27:37'),(16,'Ellswerth','Witherspoon','KP','ewitherspoonf@cornell.edu','ewitherspoonf','2019-04-16 19:27:37'),(17,'Jule','Surphliss','SN','jsurphlissg@tripadvisor.com','jsurphlissg','2019-04-16 19:27:37'),(18,'Keeley','Finby','CN','kfinbyh@wsj.com','kfinbyh','2019-04-16 19:27:37'),(19,'Wenona','Cane','PH','wcanei@soundcloud.com','wcanei','2019-04-16 19:27:37'),(20,'Yorke','Hurich','HN','yhurichj@prlog.org','yhurichj','2019-04-16 19:27:37'),(21,'Olivie','Maingot','CN','omaingotk@fastcompany.com','omaingotk','2019-04-16 19:27:37'),(22,'Thornton','Vasenin','CN','tvaseninl@so-net.ne.jp','tvaseninl','2019-04-16 19:27:37'),(23,'Lucina','Soigne','CN','lsoignem@squarespace.com','lsoignem','2019-04-16 19:27:37'),(24,'Janean','Stanyforth','ID','jstanyforthn@google.it','jstanyforthn','2019-04-16 19:27:37'),(25,'Bernetta','Sill','CR','bsillo@msn.com','bsillo','2019-04-16 19:27:37'),(26,'Terrance','Rehme','GF','trehmep@soup.io','trehmep','2019-04-16 19:27:37'),(27,'Theodora','Louiset','ID','tlouisetq@nih.gov','tlouisetq','2019-04-16 19:27:37'),(28,'Remy','Shallo','PT','rshallor@google.com','rshallor','2019-04-16 19:27:37'),(29,'Isidore','Calendar','ID','icalendars@alibaba.com','icalendars','2019-04-16 19:27:37'),(30,'Linnie','Mattiello','UY','lmattiellot@cocolog-nifty.com','lmattiellot','2019-04-16 19:27:37'),(31,'Karlyn','McLucas','NL','kmclucasu@businessinsider.com','kmclucasu','2019-04-16 19:27:37'),(32,'Tyrus','Bedminster','LT','tbedminsterv@people.com.cn','tbedminsterv','2019-04-16 19:27:37'),(33,'Roosevelt','Colling','ID','rcollingw@acquirethisname.com','rcollingw','2019-04-16 19:27:37'),(34,'Corty','Grenter','CN','cgrenterx@admin.ch','cgrenterx','2019-04-16 19:27:37'),(35,'Tobye','Blaxall','RU','tblaxally@msu.edu','tblaxally','2019-04-16 19:27:37'),(36,'Steward','Outram','BR','soutramz@jigsy.com','soutramz','2019-04-16 19:27:37'),(37,'Marja','Czyz','BR','mczyz10@taobao.com','mczyz10','2019-04-16 19:27:37'),(38,'Keene','Alesin','MY','kalesin11@businessweek.com','kalesin11','2019-04-16 19:27:37'),(39,'Muriel','Cheater','ID','mcheater12@dion.ne.jp','mcheater12','2019-04-16 19:27:37'),(40,'Justen','Gwatkin','CZ','jgwatkin13@bbc.co.uk','jgwatkin13','2019-04-16 19:27:37'),(41,'Pryce','Autie','SE','pautie14@hud.gov','pautie14','2019-04-16 19:27:37'),(42,'Inge','Antoni','US','iantoni15@businessinsider.com','iantoni15','2019-04-16 19:27:37'),(43,'Cly','Arro','CN','carro16@dyndns.org','carro16','2019-04-16 19:27:37'),(44,'Reinald','Pollen','GT','rpollen17@sciencedaily.com','rpollen17','2019-04-16 19:27:37'),(45,'August','Clow','ID','aclow18@homestead.com','aclow18','2019-04-16 19:27:37'),(46,'Annabelle','Darville','RU','adarville19@ucla.edu','adarville19','2019-04-16 19:27:37'),(47,'Judith','Downer','HR','jdowner1a@sourceforge.net','jdowner1a','2019-04-16 19:27:37'),(48,'Benson','Winscum','ID','bwinscum1b@irs.gov','bwinscum1b','2019-04-16 19:27:37'),(49,'Palm','Wysome','PH','pwysome1c@newsvine.com','pwysome1c','2019-04-16 19:27:37'),(50,'Margaretha','Tattersill','PL','mtattersill1d@taobao.com','mtattersill1d','2019-04-16 19:27:37'),(51,'Ardine','Graham','RU','agraham1e@dell.com','agraham1e','2019-04-16 19:27:37'),(52,'Gill','Teresse','PT','gteresse1f@canalblog.com','gteresse1f','2019-04-16 19:27:37'),(53,'Fleurette','Traher','PL','ftraher1g@wikipedia.org','ftraher1g','2019-04-16 19:27:37'),(54,'Morey','Coale','SE','mcoale1h@earthlink.net','mcoale1h','2019-04-16 19:27:37'),(55,'Marika','Lowndes','BG','mlowndes1i@odnoklassniki.ru','mlowndes1i','2019-04-16 19:27:37'),(56,'Dwight','McCaskell','CN','dmccaskell1j@bluehost.com','dmccaskell1j','2019-04-16 19:27:37'),(57,'Kylynn','Bortoloni','PL','kbortoloni1k@comsenz.com','kbortoloni1k','2019-04-16 19:27:37'),(58,'Maegan','Oppie','PH','moppie1l@newyorker.com','moppie1l','2019-04-16 19:27:37'),(59,'Marcy','Bonavia','CM','mbonavia1m@google.com','mbonavia1m','2019-04-16 19:27:37'),(60,'Annnora','Grinyov','UA','agrinyov1n@parallels.com','agrinyov1n','2019-04-16 19:27:37'),(61,'Emilio','Haines','ID','ehaines1o@nytimes.com','ehaines1o','2019-04-16 19:27:37'),(62,'Chiquita','Float','AR','cfloat1p@yahoo.com','cfloat1p','2019-04-16 19:27:37'),(63,'Krispin','Panting','ID','kpanting1q@cbc.ca','kpanting1q','2019-04-16 19:27:37'),(64,'Bayard','Vaud','CL','bvaud1r@reverbnation.com','bvaud1r','2019-04-16 19:27:37'),(65,'Adan','McAneny','PH','amcaneny1s@is.gd','amcaneny1s','2019-04-16 19:27:37'),(66,'Maryanne','Gascoigne','PT','mgascoigne1t@dell.com','mgascoigne1t','2019-04-16 19:27:37'),(67,'Marlee','Vercruysse','CO','mvercruysse1u@squarespace.com','mvercruysse1u','2019-04-16 19:27:37'),(68,'Otis','Stampfer','SE','ostampfer1v@pinterest.com','ostampfer1v','2019-04-16 19:27:37'),(69,'Zorah','Coniff','CN','zconiff1w@patch.com','zconiff1w','2019-04-16 19:27:37'),(70,'Randi','Bispham','PL','rbispham1x@elegantthemes.com','rbispham1x','2019-04-16 19:27:37'),(71,'Elli','Thorns','CN','ethorns1y@oracle.com','ethorns1y','2019-04-16 19:27:37'),(72,'Chrystal','Woolaston','BR','cwoolaston1z@lulu.com','cwoolaston1z','2019-04-16 19:27:37'),(73,'Langsdon','Maharry','PT','lmaharry20@hao123.com','lmaharry20','2019-04-16 19:27:37'),(74,'Aggie','Fadden','CN','afadden21@domainmarket.com','afadden21','2019-04-16 19:27:37'),(75,'Ansel','Stutter','LY','astutter22@webs.com','astutter22','2019-04-16 19:27:37'),(76,'Timothee','Ryding','PT','tryding23@ow.ly','tryding23','2019-04-16 19:27:37'),(77,'Gan','Standish','LT','gstandish24@amazon.de','gstandish24','2019-04-16 19:27:37'),(78,'Andy','Malimoe','CN','amalimoe25@parallels.com','amalimoe25','2019-04-16 19:27:37'),(79,'Lorrayne','Revington','RU','lrevington26@amazon.co.uk','lrevington26','2019-04-16 19:27:37'),(80,'Jeramey','Tredger','AR','jtredger27@biblegateway.com','jtredger27','2019-04-16 19:27:37'),(81,'Frayda','Biles','MW','fbiles28@deviantart.com','fbiles28','2019-04-16 19:27:37'),(82,'Xerxes','Piddocke','UA','xpiddocke29@cmu.edu','xpiddocke29','2019-04-16 19:27:37'),(83,'Edgardo','Madders','UG','emadders2a@independent.co.uk','emadders2a','2019-04-16 19:27:37'),(84,'Daren','Farny','PE','dfarny2b@mit.edu','dfarny2b','2019-04-16 19:27:37'),(85,'Melba','Bowler','FR','mbowler2c@digg.com','mbowler2c','2019-04-16 19:27:37'),(86,'Rene','Graalmans','FR','rgraalmans2d@ow.ly','rgraalmans2d','2019-04-16 19:27:37'),(87,'Margie','Scalera','TD','mscalera2e@addthis.com','mscalera2e','2019-04-16 19:27:37'),(88,'Nicky','O\'Suaird','TH','nosuaird2f@yahoo.co.jp','nosuaird2f','2019-04-16 19:27:37'),(89,'Ramsey','Haylor','CN','rhaylor2g@xing.com','rhaylor2g','2019-04-16 19:27:37'),(90,'Gayleen','Iacovaccio','ID','giacovaccio2h@indiatimes.com','giacovaccio2h','2019-04-16 19:27:37'),(91,'Georgianne','Aubrey','CN','gaubrey2i@reference.com','gaubrey2i','2019-04-16 19:27:37'),(92,'Stormy','Roote','ZA','sroote2j@macromedia.com','sroote2j','2019-04-16 19:27:37'),(93,'Elbert','Ledrane','AF','eledrane2k@psu.edu','eledrane2k','2019-04-16 19:27:37'),(94,'Gussi','McGawn','ID','gmcgawn2l@sohu.com','gmcgawn2l','2019-04-16 19:27:37'),(95,'Tonnie','Prickett','JP','tprickett2m@mlb.com','tprickett2m','2019-04-16 19:27:37'),(96,'Isa','Raisher','ID','iraisher2n@is.gd','iraisher2n','2019-04-16 19:27:37'),(97,'Jesse','Tilio','RU','jtilio2o@zimbio.com','jtilio2o','2019-04-16 19:27:37'),(98,'Nikos','Paske','SE','npaske2p@psu.edu','npaske2p','2019-04-16 19:27:37'),(99,'Eldridge','Stredder','GT','estredder2q@jiathis.com','estredder2q','2019-04-16 19:27:37'),(100,'Tessy','Gleder','RU','tgleder2r@bloomberg.com','tgleder2r','2019-04-16 19:27:37');
/*!40000 ALTER TABLE `customers` ENABLE KEYS */;
UNLOCK TABLES;

--
-- Table structure for table `online_stores`
--

DROP TABLE IF EXISTS `online_stores`;
/*!40101 SET @saved_cs_client     = @@character_set_client */;
/*!40101 SET character_set_client = utf8 */;
CREATE TABLE `online_stores` (
  `online_store_id` int(11) NOT NULL AUTO_INCREMENT,
  `name` varchar(100) NOT NULL,
  `country` varchar(2) NOT NULL,
  PRIMARY KEY (`online_store_id`)
) ENGINE=InnoDB AUTO_INCREMENT=11 DEFAULT CHARSET=utf8;
/*!40101 SET character_set_client = @saved_cs_client */;

--
-- Dumping data for table `online_stores`
--

LOCK TABLES `online_stores` WRITE;
/*!40000 ALTER TABLE `online_stores` DISABLE KEYS */;
INSERT INTO `online_stores` VALUES (1,'Amazon','UK'),(2,'Amazon','US'),(3,'Boots','UK'),(4,'Boots','US'),(5,'Amazon','ES'),(6,'Currys','UK'),(7,'Currys','IE'),(8,'Walmart','US'),(9,'JD','CN'),(10,'Targer','CN');
/*!40000 ALTER TABLE `online_stores` ENABLE KEYS */;
UNLOCK TABLES;

--
-- Table structure for table `order_details`
--

DROP TABLE IF EXISTS `order_details`;
/*!40101 SET @saved_cs_client     = @@character_set_client */;
/*!40101 SET character_set_client = utf8 */;
CREATE TABLE `order_details` (
  `order_details_id` int(11) NOT NULL AUTO_INCREMENT,
  `order_id` int(11) NOT NULL,
  `product_id` int(11) NOT NULL,
  `quantity` int(11) DEFAULT NULL,
  PRIMARY KEY (`order_details_id`),
  KEY `orders_fk` (`order_id`),
  CONSTRAINT `orders_fk` FOREIGN KEY (`order_id`) REFERENCES `orders` (`order_id`)
) ENGINE=InnoDB AUTO_INCREMENT=1006 DEFAULT CHARSET=utf8;
/*!40101 SET character_set_client = @saved_cs_client */;

--
-- Dumping data for table `order_details`
--

LOCK TABLES `order_details` WRITE;
/*!40000 ALTER TABLE `order_details` DISABLE KEYS */;
INSERT INTO `order_details` VALUES (1,1,1,3),(2,121,133,2),(3,532,668,4),(4,654,475,1),(5,951,480,2),(6,399,340,2),(7,906,125,4),(8,973,581,2),(9,157,953,5),(10,309,391,4),(11,450,498,1),(12,917,573,5),(13,634,131,1),(14,645,880,4),(15,471,776,1),(16,879,233,5),(17,197,607,2),(18,194,115,5),(19,779,507,3),(20,119,160,4),(21,151,300,4),(22,288,247,4),(23,250,168,2),(24,752,411,2),(25,108,961,3),(26,452,485,2),(27,680,253,4),(28,599,91,3),(29,507,76,1),(30,29,548,1),(31,955,897,5),(32,954,739,1),(33,320,167,5),(34,584,789,4),(35,954,220,4),(36,573,460,3),(37,625,326,1),(38,870,637,2),(39,899,662,3),(40,765,641,2),(41,289,111,4),(42,291,56,3),(43,552,463,5),(44,152,764,5),(45,173,529,2),(46,922,898,2),(47,496,956,5),(48,742,340,3),(49,49,917,4),(50,237,973,1),(51,237,438,4),(52,538,6,2),(53,23,468,5),(54,951,226,1),(55,140,352,3),(56,716,296,2),(57,930,328,2),(58,655,850,2),(59,782,458,2),(60,197,786,5),(61,882,379,2),(62,637,533,3),(63,973,399,1),(64,188,798,1),(65,551,282,1),(66,674,394,4),(67,894,207,4),(68,914,209,5),(69,867,617,3),(70,342,211,4),(71,53,996,3),(72,900,432,5),(73,600,270,4),(74,951,881,4),(75,687,530,1),(76,54,628,4),(77,850,261,3),(78,934,276,1),(79,114,56,1),(80,485,774,5),(81,479,667,1),(82,598,507,3),(83,559,814,5),(84,620,991,4),(85,505,690,4),(86,834,209,2),(87,436,678,2),(88,988,349,1),(89,955,310,1),(90,765,718,5),(91,398,614,1),(92,239,320,3),(93,912,945,5),(94,881,235,5),(95,591,469,1),(96,184,734,4),(97,312,193,2),(98,563,787,1),(99,234,455,1),(100,776,154,5),(101,77,592,2),(102,801,983,3),(103,957,851,1),(104,452,696,2),(105,590,137,4),(106,307,12,1),(107,350,565,3),(108,530,672,2),(109,575,453,4),(110,738,698,3),(111,525,376,3),(112,480,423,4),(113,193,447,1),(114,74,82,2),(115,864,393,2),(116,967,335,3),(117,428,278,4),(118,298,522,1),(119,19,836,4),(120,412,722,4),(121,303,111,1),(122,306,425,1),(123,181,360,3),(124,278,318,4),(125,797,198,5),(126,980,383,4),(127,640,696,5),(128,840,110,1),(129,410,482,5),(130,822,767,5),(131,155,402,1),(132,870,933,5),(133,193,230,3),(134,28,559,1),(135,138,511,2),(136,375,446,5),(137,739,549,1),(138,997,977,2),(139,630,936,4),(140,100,668,2),(141,857,430,1),(142,111,218,4),(143,4,216,5),(144,635,375,2),(145,364,53,2),(146,208,518,2),(147,188,409,2),(148,664,811,4),(149,329,638,3),(150,246,358,4),(151,372,431,5),(152,593,333,2),(153,876,289,5),(154,976,987,1),(155,995,294,1),(156,48,525,1),(157,86,182,5),(158,807,133,4),(159,786,88,2),(160,541,337,4),(161,549,264,2),(162,242,505,4),(163,403,15,4),(164,938,674,1),(165,230,207,5),(166,268,633,2),(167,130,535,3),(168,123,37,4),(169,876,968,4),(170,826,452,2),(171,890,762,4),(172,60,873,4),(173,976,435,1),(174,146,651,1),(175,338,342,1),(176,10,559,4),(177,119,148,2),(178,952,797,5),(179,365,935,3),(180,180,139,1),(181,867,833,4),(182,214,615,3),(183,582,429,2),(184,383,240,2),(185,560,528,1),(186,845,811,2),(187,122,132,2),(188,780,545,1),(189,770,397,5),(190,823,698,1),(191,965,974,4),(192,243,731,2),(193,326,109,3),(194,466,381,5),(195,778,441,2),(196,294,561,2),(197,567,910,3),(198,497,433,2),(199,155,572,3),(200,486,814,2),(201,439,963,3),(202,615,779,5),(203,680,400,3),(204,969,375,3),(205,867,268,4),(206,199,9,1),(207,311,37,3),(208,523,59,1),(209,678,387,4),(210,759,648,4),(211,1,389,2),(212,59,789,2),(213,451,450,4),(214,986,513,5),(215,302,22,2),(216,715,458,1),(217,590,425,1),(218,677,748,3),(219,693,807,5),(220,653,495,1),(221,156,653,3),(222,606,306,4),(223,833,710,2),(224,583,119,3),(225,475,458,4),(226,189,59,1),(227,743,764,1),(228,190,509,4),(229,952,250,2),(230,650,807,4),(231,345,812,4),(232,326,717,3),(233,688,101,4),(234,737,224,2),(235,735,115,3),(236,409,170,2),(237,260,713,1),(238,804,89,3),(239,105,844,3),(240,743,961,4),(241,305,281,3),(242,967,35,3),(243,325,974,2),(244,905,489,3),(245,642,361,4),(246,537,465,3),(247,151,756,1),(248,190,617,5),(249,624,973,5),(250,374,866,1),(251,268,378,4),(252,396,492,5),(253,615,653,4),(254,251,41,1),(255,288,416,4),(256,477,822,4),(257,785,813,3),(258,209,984,2),(259,564,372,5),(260,511,137,5),(261,475,83,3),(262,376,241,5),(263,407,537,4),(264,536,550,1),(265,126,183,4),(266,805,725,4),(267,118,704,1),(268,335,456,1),(269,197,751,3),(270,523,929,2),(271,13,425,4),(272,378,456,1),(273,327,703,5),(274,88,978,3),(275,388,723,5),(276,741,916,1),(277,266,406,1),(278,263,115,5),(279,741,758,2),(280,142,929,3),(281,189,498,1),(282,891,16,1),(283,2,762,4),(284,489,933,2),(285,922,445,1),(286,362,278,3),(287,98,128,3),(288,354,953,1),(289,379,577,1),(290,386,944,1),(291,627,411,2),(292,630,296,1),(293,618,567,4),(294,570,975,5),(295,175,746,3),(296,241,704,3),(297,349,732,1),(298,507,36,2),(299,609,325,1),(300,806,672,2),(301,769,119,3),(302,733,87,4),(303,886,203,4),(304,695,511,5),(305,429,213,5),(306,302,506,4),(307,111,307,3),(308,30,917,3),(309,646,476,2),(310,207,665,4),(311,620,206,2),(312,174,278,3),(313,187,488,3),(314,164,661,3),(315,719,441,5),(316,462,164,1),(317,168,7,4),(318,681,852,4),(319,618,746,4),(320,996,859,1),(321,320,929,2),(322,646,746,4),(323,358,292,4),(324,874,26,2),(325,779,565,5),(326,504,953,3),(327,245,632,5),(328,906,137,1),(329,131,104,2),(330,178,355,5),(331,588,974,5),(332,582,927,5),(333,258,12,5),(334,147,819,2),(335,362,86,2),(336,795,233,3),(337,962,794,2),(338,141,190,4),(339,656,107,5),(340,907,668,3),(341,157,172,4),(342,416,157,3),(343,629,360,3),(344,967,29,1),(345,48,2,1),(346,30,248,2),(347,372,295,5),(348,433,991,3),(349,601,877,1),(350,179,907,4),(351,726,376,5),(352,505,532,4),(353,717,391,4),(354,143,577,2),(355,535,308,5),(356,441,874,3),(357,399,498,1),(358,444,119,1),(359,270,224,3),(360,791,139,1),(361,581,974,3),(362,354,261,1),(363,886,282,5),(364,151,132,1),(365,996,725,4),(366,341,173,2),(367,868,163,5),(368,964,440,2),(369,411,494,5),(370,290,745,1),(371,303,416,1),(372,995,989,2),(373,679,967,5),(374,499,588,5),(375,837,229,1),(376,86,631,3),(377,510,375,2),(378,791,701,1),(379,258,180,5),(380,710,738,4),(381,762,954,2),(382,581,957,4),(383,871,300,5),(384,701,937,2),(385,870,61,1),(386,403,899,1),(387,240,137,2),(388,567,364,2),(389,562,299,1),(390,106,684,5),(391,403,127,5),(392,418,998,4),(393,909,836,3),(394,864,139,3),(395,404,134,1),(396,822,708,2),(397,299,479,1),(398,43,614,3),(399,756,421,1),(400,606,94,5),(401,809,220,2),(402,778,12,1),(403,535,548,1),(404,639,652,4),(405,501,618,4),(406,658,232,1),(407,137,228,2),(408,268,298,5),(409,739,376,1),(410,548,2,5),(411,820,420,3),(412,491,447,5),(413,563,501,5),(414,342,707,1),(415,775,825,5),(416,843,406,2),(417,747,118,3),(418,28,958,4),(419,964,308,2),(420,915,168,1),(421,55,476,4),(422,58,787,2),(423,923,891,3),(424,860,551,1),(425,291,35,2),(426,727,146,2),(427,69,258,1),(428,106,588,3),(429,783,736,2),(430,74,933,1),(431,606,723,1),(432,552,959,5),(433,698,754,4),(434,529,844,2),(435,842,252,2),(436,51,824,1),(437,66,583,1),(438,652,913,4),(439,805,471,4),(440,593,437,5),(441,128,684,4),(442,358,416,4),(443,306,92,2),(444,112,715,4),(445,980,783,5),(446,153,619,3),(447,894,337,1),(448,786,181,1),(449,171,23,3),(450,71,901,5),(451,259,323,1),(452,472,943,1),(453,928,768,2),(454,78,274,5),(455,297,636,4),(456,696,123,4),(457,277,304,5),(458,733,447,2),(459,283,945,5),(460,360,689,2),(461,678,454,3),(462,447,847,3),(463,118,996,1),(464,553,719,2),(465,46,184,4),(466,644,331,4),(467,833,513,4),(468,330,770,2),(469,553,788,2),(470,931,123,4),(471,517,420,5),(472,940,13,4),(473,306,264,2),(474,116,938,2),(475,817,512,2),(476,492,275,5),(477,449,220,3),(478,301,269,5),(479,269,543,4),(480,281,949,2),(481,741,697,4),(482,193,731,3),(483,553,216,1),(484,100,718,5),(485,660,134,5),(486,971,986,2),(487,761,984,2),(488,14,414,3),(489,633,994,3),(490,554,215,5),(491,801,468,3),(492,378,279,4),(493,393,833,4),(494,921,206,2),(495,509,964,4),(496,487,888,4),(497,724,255,5),(498,367,741,2),(499,342,730,3),(500,346,630,3),(501,731,921,5),(502,772,336,3),(503,941,736,4),(504,752,149,3),(505,685,270,4),(506,795,820,5),(507,840,407,1),(508,327,335,3),(509,548,144,4),(510,801,454,4),(511,603,277,5),(512,240,632,5),(513,46,823,1),(514,856,244,3),(515,359,610,1),(516,565,493,4),(517,883,591,5),(518,169,555,4),(519,105,443,3),(520,349,117,2),(521,12,471,1),(522,746,767,1),(523,889,765,3),(524,988,543,3),(525,290,235,4),(526,416,38,2),(527,527,601,3),(528,396,71,1),(529,514,685,2),(530,350,704,4),(531,102,708,5),(532,77,971,2),(533,179,528,5),(534,266,702,2),(535,180,586,5),(536,656,100,2),(537,635,157,1),(538,295,472,1),(539,948,5,2),(540,186,85,4),(541,55,677,1),(542,246,701,1),(543,11,842,5),(544,433,142,2),(545,67,153,1),(546,168,375,5),(547,557,706,3),(548,710,960,5),(549,724,964,5),(550,59,25,4),(551,599,763,5),(552,603,932,2),(553,612,835,2),(554,285,785,1),(555,180,813,2),(556,75,860,3),(557,392,826,5),(558,564,460,1),(559,526,593,2),(560,268,510,4),(561,612,585,4),(562,962,693,2),(563,571,504,2),(564,612,332,4),(565,287,870,3),(566,356,466,3),(567,338,157,3),(568,370,10,2),(569,763,789,2),(570,423,428,1),(571,590,67,4),(572,564,696,1),(573,721,349,5),(574,225,855,2),(575,915,408,4),(576,750,874,2),(577,295,920,1),(578,506,328,1),(579,906,212,4),(580,626,813,3),(581,129,930,5),(582,884,320,3),(583,844,862,2),(584,117,466,4),(585,243,874,1),(586,628,52,1),(587,663,537,1),(588,161,633,5),(589,173,937,1),(590,986,708,3),(591,891,436,4),(592,465,21,1),(593,761,385,1),(594,358,461,5),(595,665,193,4),(596,978,633,3),(597,359,807,1),(598,895,91,5),(599,150,154,1),(600,522,683,3),(601,630,10,3),(602,634,302,1),(603,136,692,2),(604,177,576,5),(605,980,638,1),(606,144,501,5),(607,259,966,3),(608,616,884,3),(609,395,920,4),(610,604,91,5),(611,372,228,3),(612,128,163,2),(613,189,260,1),(614,132,441,1),(615,167,6,5),(616,285,790,1),(617,155,810,3),(618,886,859,5),(619,114,357,1),(620,36,613,2),(621,784,369,1),(622,700,603,4),(623,704,96,5),(624,703,337,1),(625,463,64,4),(626,531,805,3),(627,536,194,1),(628,57,624,2),(629,618,128,4),(630,133,498,3),(631,652,274,3),(632,87,874,1),(633,923,954,2),(634,303,844,2),(635,887,398,5),(636,420,757,3),(637,531,518,3),(638,943,101,4),(639,317,59,4),(640,212,927,2),(641,32,34,3),(642,906,57,1),(643,454,447,5),(644,282,711,3),(645,857,578,4),(646,562,232,3),(647,323,194,2),(648,488,743,5),(649,377,962,5),(650,384,719,2),(651,112,399,1),(652,981,798,3),(653,988,821,5),(654,724,586,3),(655,345,288,4),(656,264,658,4),(657,775,248,5),(658,59,631,5),(659,323,573,1),(660,531,263,2),(661,812,142,4),(662,721,651,4),(663,127,451,2),(664,104,165,5),(665,698,749,3),(666,910,525,2),(667,539,694,5),(668,513,123,1),(669,401,245,4),(670,506,958,3),(671,274,215,5),(672,2,964,4),(673,992,170,1),(674,777,921,1),(675,899,363,4),(676,7,452,4),(677,67,470,1),(678,850,213,2),(679,312,297,3),(680,670,864,1),(681,74,968,1),(682,509,370,2),(683,549,728,2),(684,733,239,5),(685,619,720,5),(686,652,115,4),(687,901,260,5),(688,622,617,2),(689,949,601,5),(690,90,620,1),(691,382,277,1),(692,52,795,2),(693,681,432,3),(694,123,132,4),(695,330,237,1),(696,685,681,5),(697,201,627,5),(698,112,949,5),(699,344,360,1),(700,152,477,2),(701,989,522,5),(702,715,805,5),(703,761,25,3),(704,33,472,5),(705,264,849,1),(706,112,558,5),(707,944,400,5),(708,841,919,4),(709,988,602,2),(710,48,279,5),(711,571,506,2),(712,56,988,5),(713,814,593,3),(714,518,441,4),(715,906,673,2),(716,708,224,4),(717,549,718,5),(718,366,242,2),(719,478,134,4),(720,972,88,3),(721,630,563,4),(722,686,420,4),(723,65,164,3),(724,894,567,2),(725,532,543,3),(726,104,454,3),(727,192,524,2),(728,416,415,3),(729,356,772,4),(730,458,62,2),(731,632,388,3),(732,458,940,1),(733,327,918,4),(734,64,735,1),(735,471,522,1),(736,724,263,2),(737,328,212,4),(738,962,750,3),(739,278,373,4),(740,31,945,5),(741,39,872,2),(742,12,714,4),(743,858,513,5),(744,697,483,3),(745,21,838,5),(746,790,146,1),(747,520,831,2),(748,600,239,1),(749,190,317,2),(750,601,277,1),(751,780,330,3),(752,882,586,1),(753,506,401,5),(754,931,379,1),(755,559,574,2),(756,923,466,5),(757,964,898,5),(758,467,739,4),(759,774,323,5),(760,322,924,5),(761,747,207,5),(762,187,504,3),(763,146,942,5),(764,25,516,5),(765,72,966,2),(766,655,237,2),(767,694,781,3),(768,155,339,3),(769,632,665,2),(770,780,421,3),(771,890,963,3),(772,769,390,3),(773,115,720,2),(774,929,971,4),(775,258,884,1),(776,472,966,1),(777,556,47,5),(778,89,670,5),(779,971,434,3),(780,79,357,5),(781,820,197,5),(782,430,634,5),(783,800,272,4),(784,955,45,5),(785,79,713,3),(786,371,957,4),(787,630,167,2),(788,20,530,3),(789,143,771,3),(790,773,150,3),(791,545,576,1),(792,154,190,2),(793,295,273,5),(794,187,398,3),(795,456,742,4),(796,40,75,5),(797,396,721,4),(798,641,840,3),(799,472,934,4),(800,665,956,5),(801,983,404,3),(802,945,627,5),(803,932,561,3),(804,360,266,4),(805,979,300,2),(806,195,74,1),(807,887,191,4),(808,26,480,4),(809,209,440,3),(810,102,824,3),(811,482,881,3),(812,346,584,3),(813,190,444,3),(814,945,575,5),(815,880,84,3),(816,9,791,5),(817,295,202,3),(818,734,250,4),(819,196,162,2),(820,921,89,3),(821,390,384,3),(822,319,786,2),(823,501,221,2),(824,778,967,3),(825,757,651,4),(826,494,697,1),(827,972,623,3),(828,116,802,5),(829,353,308,4),(830,420,861,1),(831,712,811,5),(832,545,785,5),(833,996,380,2),(834,731,977,1),(835,500,799,4),(836,898,969,2),(837,969,191,5),(838,266,905,2),(839,235,479,5),(840,877,859,1),(841,694,398,3),(842,353,307,1),(843,812,575,4),(844,576,113,2),(845,784,588,4),(846,229,106,1),(847,617,470,4),(848,792,948,4),(849,965,716,4),(850,888,473,2),(851,250,433,5),(852,273,303,3),(853,685,817,5),(854,656,278,4),(855,555,508,2),(856,37,957,3),(857,622,515,1),(858,142,36,2),(859,931,695,3),(860,240,515,2),(861,608,496,4),(862,557,625,2),(863,959,507,5),(864,562,306,2),(865,971,727,4),(866,120,637,4),(867,87,319,3),(868,469,542,2),(869,191,115,5),(870,244,393,3),(871,882,62,3),(872,222,689,4),(873,133,568,3),(874,737,620,2),(875,791,61,2),(876,235,960,3),(877,869,183,1),(878,730,610,4),(879,305,808,2),(880,549,538,1),(881,155,977,4),(882,210,27,3),(883,992,923,1),(884,909,870,2),(885,555,696,2),(886,276,293,4),(887,269,473,1),(888,21,889,4),(889,291,601,1),(890,446,679,1),(891,162,914,4),(892,721,284,2),(893,135,105,2),(894,178,510,1),(895,751,649,1),(896,811,71,2),(897,873,362,4),(898,752,364,2),(899,408,212,4),(900,692,557,2),(901,217,630,1),(902,911,732,5),(903,883,446,5),(904,648,140,4),(905,327,849,2),(906,886,686,2),(907,26,514,3),(908,35,645,1),(909,714,150,4),(910,97,605,1),(911,577,914,3),(912,676,508,5),(913,258,866,2),(914,156,191,1),(915,117,450,1),(916,627,872,3),(917,13,362,3),(918,154,860,1),(919,512,565,1),(920,234,127,4),(921,13,873,2),(922,132,492,2),(923,906,78,1),(924,650,451,2),(925,658,853,5),(926,864,908,1),(927,112,7,3),(928,128,869,3),(929,39,557,4),(930,603,717,3),(931,893,402,2),(932,678,101,4),(933,136,182,5),(934,287,264,1),(935,531,270,5),(936,552,813,4),(937,547,898,4),(938,460,790,1),(939,54,321,5),(940,153,339,2),(941,951,604,3),(942,255,302,1),(943,383,702,2),(944,696,477,3),(945,383,209,4),(946,83,928,3),(947,417,762,2),(948,226,238,4),(949,420,165,5),(950,768,262,5),(951,759,85,3),(952,47,226,4),(953,590,330,4),(954,58,315,2),(955,652,186,5),(956,494,925,3),(957,781,745,4),(958,145,937,2),(959,196,669,3),(960,8,530,2),(961,914,466,1),(962,657,487,2),(963,575,864,1),(964,886,308,3),(965,496,302,3),(966,733,593,5),(967,980,295,5),(968,760,2,4),(969,920,936,2),(970,163,780,2),(971,99,483,1),(972,195,53,1),(973,194,401,3),(974,400,164,2),(975,71,11,5),(976,595,440,3),(977,843,4,5),(978,577,180,1),(979,545,351,5),(980,843,982,5),(981,476,661,3),(982,195,487,1),(983,722,197,5),(984,564,678,3),(985,605,607,2),(986,382,429,1),(987,406,230,3),(988,792,412,2),(989,699,536,4),(990,388,56,2),(991,618,204,5),(992,664,265,2),(993,637,945,5),(994,121,659,4),(995,943,768,3),(996,731,884,2),(997,771,12,1),(998,297,243,5),(999,299,110,4),(1000,624,791,5),(1001,1,668,2),(1002,1,340,2),(1003,1,340,1),(1004,1,340,1),(1005,1,340,2);
/*!40000 ALTER TABLE `order_details` ENABLE KEYS */;
UNLOCK TABLES;
/*!50003 SET @saved_cs_client      = @@character_set_client */ ;
/*!50003 SET @saved_cs_results     = @@character_set_results */ ;
/*!50003 SET @saved_col_connection = @@collation_connection */ ;
/*!50003 SET character_set_client  = utf8 */ ;
/*!50003 SET character_set_results = utf8 */ ;
/*!50003 SET collation_connection  = utf8_general_ci */ ;
/*!50003 SET @saved_sql_mode       = @@sql_mode */ ;
/*!50003 SET sql_mode              = 'STRICT_TRANS_TABLES,NO_ENGINE_SUBSTITUTION' */ ;
DELIMITER ;;
/*!50003 CREATE*/ /*!50017 DEFINER=`root`@`%`*/ /*!50003 TRIGGER update_stock AFTER INSERT ON order_details
  FOR EACH ROW BEGIN
    UPDATE product 
    SET quantity = quantity - NEW.quantity
    WHERE product_id = NEW.product_id;
  END */;;
DELIMITER ;
/*!50003 SET sql_mode              = @saved_sql_mode */ ;
/*!50003 SET character_set_client  = @saved_cs_client */ ;
/*!50003 SET character_set_results = @saved_cs_results */ ;
/*!50003 SET collation_connection  = @saved_col_connection */ ;
/*!50003 SET @saved_cs_client      = @@character_set_client */ ;
/*!50003 SET @saved_cs_results     = @@character_set_results */ ;
/*!50003 SET @saved_col_connection = @@collation_connection */ ;
/*!50003 SET character_set_client  = utf8 */ ;
/*!50003 SET character_set_results = utf8 */ ;
/*!50003 SET collation_connection  = utf8_general_ci */ ;
/*!50003 SET @saved_sql_mode       = @@sql_mode */ ;
/*!50003 SET sql_mode              = 'STRICT_TRANS_TABLES,NO_ENGINE_SUBSTITUTION' */ ;
DELIMITER ;;
/*!50003 CREATE*/ /*!50017 DEFINER=`root`@`%`*/ /*!50003 trigger update_amount
  after INSERT
  on order_details
  for each row
BEGIN
    UPDATE orders o
    join order_details od on (o.order_id = od.order_id)
    join product p on (od.product_id = p.product_id)
    SET o.order_amount = coalesce(o.order_amount,0) + (NEW.quantity * p.unit_price)
    WHERE o.order_id = NEW.order_id and od.order_details_id = NEW.order_details_id;
END */;;
DELIMITER ;
/*!50003 SET sql_mode              = @saved_sql_mode */ ;
/*!50003 SET character_set_client  = @saved_cs_client */ ;
/*!50003 SET character_set_results = @saved_cs_results */ ;
/*!50003 SET collation_connection  = @saved_col_connection */ ;

--
-- Table structure for table `orders`
--

DROP TABLE IF EXISTS `orders`;
/*!40101 SET @saved_cs_client     = @@character_set_client */;
/*!40101 SET character_set_client = utf8 */;
CREATE TABLE `orders` (
  `order_id` int(11) NOT NULL AUTO_INCREMENT,
  `customer_id` int(11) NOT NULL,
  `create_date` timestamp NOT NULL DEFAULT CURRENT_TIMESTAMP,
  `order_amount` double DEFAULT NULL,
  PRIMARY KEY (`order_id`),
  KEY `customers_fk` (`customer_id`),
  CONSTRAINT `customers_fk` FOREIGN KEY (`customer_id`) REFERENCES `customers` (`customer_id`)
) ENGINE=InnoDB AUTO_INCREMENT=1001 DEFAULT CHARSET=utf8;
/*!40101 SET character_set_client = @saved_cs_client */;

--
-- Dumping data for table `orders`
--

LOCK TABLES `orders` WRITE;
/*!40000 ALTER TABLE `orders` DISABLE KEYS */;
INSERT INTO `orders` VALUES (1,63,'2018-10-12 00:00:00',3891.4799999999996),(2,98,'2018-06-16 00:00:00',1401.36),(4,83,'2018-12-28 00:00:00',683.45),(7,18,'2018-01-21 00:00:00',1854.88),(8,72,'2018-10-05 00:00:00',325.36),(9,22,'2018-04-14 00:00:00',1261.2),(10,45,'2018-11-03 00:00:00',55.16),(11,55,'2018-04-13 00:00:00',1135.6),(12,10,'2018-07-25 00:00:00',154.77),(13,89,'2018-07-18 00:00:00',1798.02),(14,91,'2018-09-17 00:00:00',1010.22),(19,47,'2018-05-16 00:00:00',1519.6),(20,22,'2018-06-15 00:00:00',488.04),(21,62,'2018-11-18 00:00:00',1998.41),(23,53,'2018-08-17 00:00:00',478.25),(25,55,'2018-04-28 00:00:00',976.45),(26,61,'2018-03-21 00:00:00',1663.37),(28,77,'2018-06-22 00:00:00',870.03),(29,82,'2018-09-21 00:00:00',8.48),(30,49,'2018-03-20 00:00:00',1002.77),(31,92,'2018-03-19 00:00:00',2447.15),(32,39,'2018-12-30 00:00:00',676.35),(33,36,'2018-04-04 00:00:00',883.75),(35,79,'2018-09-22 00:00:00',246.89),(36,86,'2018-07-11 00:00:00',428.22),(37,78,'2018-01-04 00:00:00',124.68),(39,40,'2018-01-11 00:00:00',2508.92),(40,83,'2018-04-13 00:00:00',2154.05),(43,8,'2018-10-03 00:00:00',455.79),(46,23,'2018-08-03 00:00:00',2046.63),(47,35,'2018-01-10 00:00:00',1474.6),(48,21,'2018-04-04 00:00:00',1701.19),(49,78,'2018-05-18 00:00:00',681.48),(51,74,'2018-07-26 00:00:00',432.61),(52,13,'2018-10-06 00:00:00',306.08),(53,13,'2018-03-28 00:00:00',156.6),(54,46,'2018-04-25 00:00:00',1685.69),(55,23,'2018-07-12 00:00:00',580.63),(56,26,'2018-03-03 00:00:00',1542.25),(57,79,'2018-07-18 00:00:00',697.16),(58,35,'2018-02-12 00:00:00',1246.82),(59,66,'2018-03-27 00:00:00',3577.86),(60,72,'2018-06-07 00:00:00',1467.76),(64,45,'2018-12-27 00:00:00',377.33),(65,33,'2018-06-04 00:00:00',595.68),(66,28,'2018-01-01 00:00:00',225.6),(67,76,'2018-03-11 00:00:00',695.3),(69,11,'2018-04-28 00:00:00',231.54),(71,7,'2018-03-06 00:00:00',903.15),(72,25,'2018-06-27 00:00:00',716.1),(74,10,'2018-03-04 00:00:00',665.31),(75,5,'2018-01-11 00:00:00',623.49),(77,40,'2018-04-27 00:00:00',1439.96),(78,78,'2018-12-21 00:00:00',1847.85),(79,39,'2018-03-20 00:00:00',979.61),(83,17,'2018-10-09 00:00:00',860.94),(86,81,'2018-10-15 00:00:00',3277.13),(87,9,'2018-01-01 00:00:00',622.83),(88,53,'2018-11-03 00:00:00',265.08),(89,40,'2018-07-20 00:00:00',2203.5),(90,84,'2018-12-17 00:00:00',371.33),(97,95,'2018-09-21 00:00:00',91.14),(98,26,'2018-11-10 00:00:00',955.08),(99,67,'2018-04-20 00:00:00',84.8),(100,87,'2018-10-22 00:00:00',2336.47),(102,89,'2018-07-05 00:00:00',3365.93),(104,14,'2018-12-05 00:00:00',2062.61),(105,46,'2018-12-08 00:00:00',1770.12),(106,28,'2018-02-04 00:00:00',3592.04),(108,1,'2018-11-06 00:00:00',166.11),(111,99,'2018-07-04 00:00:00',2208.19),(112,85,'2018-07-05 00:00:00',6158.45),(114,61,'2018-03-14 00:00:00',179.99),(115,87,'2018-10-15 00:00:00',170.06),(116,78,'2018-09-07 00:00:00',378.63),(117,82,'2018-03-14 00:00:00',1147.22),(118,98,'2018-08-09 00:00:00',338.7),(119,39,'2018-07-01 00:00:00',1473.66),(120,94,'2018-10-26 00:00:00',1555.12),(121,10,'2018-07-27 00:00:00',1194.5),(122,43,'2018-12-11 00:00:00',777.34),(123,15,'2018-12-10 00:00:00',2090.36),(126,84,'2018-06-04 00:00:00',1445.44),(127,71,'2018-10-15 00:00:00',857.48),(128,29,'2018-11-08 00:00:00',3278.7),(129,90,'2018-07-10 00:00:00',2371.3),(130,15,'2018-11-26 00:00:00',1327.95),(131,22,'2018-04-24 00:00:00',585.42),(132,5,'2018-12-22 00:00:00',252.69),(133,26,'2018-08-22 00:00:00',2431.65),(135,29,'2018-08-23 00:00:00',654.5),(136,19,'2018-11-02 00:00:00',2921.53),(137,16,'2018-05-04 00:00:00',385.32),(138,22,'2018-12-26 00:00:00',207.08),(140,70,'2018-06-08 00:00:00',185.64),(141,25,'2018-10-10 00:00:00',1182.76),(142,3,'2018-04-14 00:00:00',1348.11),(143,20,'2018-01-17 00:00:00',1377.96),(144,16,'2018-03-08 00:00:00',1503.2),(145,89,'2018-11-05 00:00:00',928.36),(146,25,'2018-01-20 00:00:00',695.14),(147,47,'2018-04-15 00:00:00',162.26),(150,25,'2018-02-26 00:00:00',270.99),(151,64,'2018-06-12 00:00:00',1501.11),(152,27,'2018-09-17 00:00:00',2368.21),(153,74,'2018-08-01 00:00:00',1678),(154,38,'2018-04-01 00:00:00',799.21),(155,78,'2018-01-27 00:00:00',3124.99),(156,32,'2018-03-14 00:00:00',1838.08),(157,77,'2018-04-10 00:00:00',2906.98),(161,78,'2018-11-26 00:00:00',47.65),(162,47,'2018-09-10 00:00:00',1212.28),(163,7,'2018-04-05 00:00:00',666.78),(164,3,'2018-10-08 00:00:00',326.52),(167,92,'2018-12-18 00:00:00',1473.2),(168,94,'2018-08-17 00:00:00',2205.91),(169,97,'2018-12-24 00:00:00',252.6),(171,31,'2018-12-21 00:00:00',1177.65),(173,73,'2018-12-28 00:00:00',603.34),(174,53,'2018-07-28 00:00:00',949.23),(175,53,'2018-08-17 00:00:00',228.42),(177,4,'2018-04-26 00:00:00',1335.1),(178,73,'2018-05-01 00:00:00',364.88),(179,81,'2018-06-02 00:00:00',2229.34),(180,56,'2018-12-19 00:00:00',1030.5),(181,90,'2018-11-05 00:00:00',452.19),(184,94,'2018-02-03 00:00:00',1938.6),(186,70,'2018-02-13 00:00:00',663.4),(187,57,'2018-05-18 00:00:00',2358.72),(188,4,'2018-02-18 00:00:00',1001.25),(189,86,'2018-11-06 00:00:00',1381.86),(190,7,'2018-02-12 00:00:00',1695.39),(191,50,'2018-01-06 00:00:00',1209.7),(192,15,'2018-10-19 00:00:00',842.7),(193,34,'2018-02-06 00:00:00',1308.56),(194,43,'2018-10-09 00:00:00',2567.05),(195,99,'2018-07-27 00:00:00',663.77),(196,23,'2018-07-05 00:00:00',1268.2),(197,22,'2018-02-28 00:00:00',3022.75),(199,53,'2018-04-21 00:00:00',498.56),(201,92,'2018-10-19 00:00:00',2227),(207,48,'2018-09-29 00:00:00',329.88),(208,29,'2018-05-28 00:00:00',989.54),(209,96,'2018-07-20 00:00:00',2249.1),(210,45,'2018-01-23 00:00:00',635.79),(212,99,'2018-02-25 00:00:00',366.84),(214,51,'2018-01-25 00:00:00',1086.99),(217,65,'2018-03-26 00:00:00',468.89),(222,40,'2018-06-06 00:00:00',973.08),(225,96,'2018-04-29 00:00:00',135.64),(226,67,'2018-06-26 00:00:00',1871),(229,74,'2018-08-27 00:00:00',214.92),(230,22,'2018-09-12 00:00:00',1098.05),(234,48,'2018-01-14 00:00:00',1267.77),(235,93,'2018-05-07 00:00:00',2995.11),(237,4,'2018-03-15 00:00:00',1514.22),(239,18,'2018-04-21 00:00:00',1180.02),(240,55,'2018-01-24 00:00:00',1341.25),(241,22,'2018-03-27 00:00:00',859.5),(242,75,'2018-10-14 00:00:00',293.08),(243,27,'2018-06-25 00:00:00',259.01),(244,45,'2018-02-08 00:00:00',1485.39),(245,10,'2018-01-24 00:00:00',638.25),(246,20,'2018-10-14 00:00:00',1043.8),(250,57,'2018-08-30 00:00:00',1218.44),(251,18,'2018-07-03 00:00:00',317.42),(255,46,'2018-04-07 00:00:00',144.18),(258,34,'2018-02-01 00:00:00',2796.37),(259,88,'2018-04-21 00:00:00',1472.18),(260,40,'2018-04-19 00:00:00',157.82),(263,36,'2018-09-12 00:00:00',1209.7),(264,5,'2018-12-13 00:00:00',1934.2),(266,74,'2018-02-10 00:00:00',991.43),(268,24,'2018-04-24 00:00:00',4417),(269,9,'2018-09-13 00:00:00',2294.5),(270,87,'2018-05-09 00:00:00',1028.67),(273,20,'2018-06-06 00:00:00',582.18),(274,93,'2018-10-13 00:00:00',679.1),(276,17,'2018-08-27 00:00:00',669.52),(277,42,'2018-02-13 00:00:00',1081.15),(278,37,'2018-06-05 00:00:00',1544.88),(281,17,'2018-10-28 00:00:00',748.98),(282,80,'2018-01-19 00:00:00',1188.24),(283,4,'2018-10-19 00:00:00',2447.15),(285,23,'2018-03-06 00:00:00',616.09),(287,5,'2018-02-27 00:00:00',939.62),(288,20,'2018-12-24 00:00:00',2526.92),(289,34,'2018-05-30 00:00:00',631.16),(290,18,'2018-08-01 00:00:00',805.7),(291,11,'2018-05-18 00:00:00',729.56),(294,94,'2018-12-14 00:00:00',83.7),(295,14,'2018-07-29 00:00:00',2784.27),(297,43,'2018-10-22 00:00:00',2494.35),(298,37,'2018-05-08 00:00:00',276.26),(299,28,'2018-03-20 00:00:00',853.52),(301,58,'2018-06-23 00:00:00',1736.45),(302,21,'2018-10-20 00:00:00',2070.06),(303,16,'2018-01-21 00:00:00',980.7),(305,4,'2018-12-25 00:00:00',1767.13),(306,57,'2018-08-02 00:00:00',1483.71),(307,85,'2018-04-27 00:00:00',62.5),(309,13,'2018-02-01 00:00:00',917),(311,61,'2018-04-13 00:00:00',401.76),(312,52,'2018-04-28 00:00:00',2098.35),(317,24,'2018-05-12 00:00:00',1933.88),(319,61,'2018-03-01 00:00:00',902.18),(320,79,'2018-06-29 00:00:00',650.24),(322,43,'2018-02-20 00:00:00',1043.6),(323,97,'2018-04-09 00:00:00',586.14),(325,59,'2018-10-22 00:00:00',269.36),(326,52,'2018-05-08 00:00:00',1936.92),(327,95,'2018-01-29 00:00:00',3610.16),(328,22,'2018-07-24 00:00:00',422.6),(329,68,'2018-09-17 00:00:00',60.96),(330,16,'2018-06-11 00:00:00',511.28),(335,58,'2018-10-11 00:00:00',433.98),(338,84,'2018-03-21 00:00:00',333.68),(341,35,'2018-06-04 00:00:00',48.78),(342,78,'2018-01-20 00:00:00',666.46),(344,26,'2018-05-28 00:00:00',150.73),(345,60,'2018-04-15 00:00:00',2057.44),(346,47,'2018-08-05 00:00:00',2096.49),(349,20,'2018-02-26 00:00:00',685.46),(350,60,'2018-05-11 00:00:00',2261.4),(353,64,'2018-04-12 00:00:00',198.97),(354,5,'2018-05-17 00:00:00',843.36),(356,98,'2018-10-15 00:00:00',1691.81),(358,97,'2018-06-25 00:00:00',4336.96),(359,67,'2018-04-09 00:00:00',412.62),(360,35,'2018-11-07 00:00:00',1456.54),(362,84,'2018-06-24 00:00:00',1166.71),(364,98,'2018-12-02 00:00:00',127.78),(365,72,'2018-05-02 00:00:00',1422.84),(366,85,'2018-12-09 00:00:00',308.28),(367,96,'2018-11-13 00:00:00',735.24),(370,14,'2018-05-08 00:00:00',964.6),(371,43,'2018-03-26 00:00:00',166.24),(372,26,'2018-12-15 00:00:00',4870.68),(374,84,'2018-09-26 00:00:00',40.68),(375,90,'2018-03-08 00:00:00',1995.85),(376,11,'2018-02-23 00:00:00',242.6),(377,75,'2018-12-22 00:00:00',2177.4),(378,92,'2018-08-22 00:00:00',1294.42),(379,73,'2018-04-26 00:00:00',227.94),(382,62,'2018-01-06 00:00:00',507.29),(383,4,'2018-10-08 00:00:00',2019.78),(384,34,'2018-12-05 00:00:00',618.86),(386,76,'2018-07-08 00:00:00',278.64),(388,23,'2018-10-11 00:00:00',309.27),(390,14,'2018-08-22 00:00:00',324.6),(392,52,'2018-02-24 00:00:00',953.95),(393,81,'2018-07-20 00:00:00',347.64),(395,51,'2018-12-06 00:00:00',1831.44),(396,20,'2018-06-30 00:00:00',2198.99),(398,78,'2018-02-12 00:00:00',151.93),(399,10,'2018-10-03 00:00:00',1253.09),(400,4,'2018-02-07 00:00:00',397.12),(401,97,'2018-12-16 00:00:00',1838.72),(403,22,'2018-05-17 00:00:00',3508.32),(404,9,'2018-05-12 00:00:00',414.62),(406,39,'2018-10-03 00:00:00',825.78),(407,98,'2018-07-23 00:00:00',1806.28),(408,82,'2018-08-20 00:00:00',422.6),(409,86,'2018-09-14 00:00:00',365.12),(410,8,'2018-09-22 00:00:00',208.3),(411,87,'2018-10-02 00:00:00',1499.3),(412,53,'2018-06-06 00:00:00',553.68),(416,44,'2018-04-29 00:00:00',1004.24),(417,7,'2018-07-22 00:00:00',96.94),(418,54,'2018-06-14 00:00:00',1754.56),(420,26,'2018-07-07 00:00:00',1646.64),(423,60,'2018-07-08 00:00:00',141.05),(428,89,'2018-03-05 00:00:00',1265.64),(429,34,'2018-02-20 00:00:00',789.6),(430,35,'2018-02-02 00:00:00',548.05),(433,62,'2018-04-17 00:00:00',1488.97),(436,95,'2018-10-15 00:00:00',372.84),(439,66,'2018-01-16 00:00:00',813.27),(441,88,'2018-12-23 00:00:00',99.09),(444,20,'2018-10-05 00:00:00',36.25),(446,6,'2018-10-10 00:00:00',412.87),(447,38,'2018-10-05 00:00:00',1210.98),(449,66,'2018-05-16 00:00:00',295.41),(450,51,'2018-05-27 00:00:00',481.31),(451,66,'2018-12-02 00:00:00',106.48),(452,38,'2018-12-16 00:00:00',493.98),(454,57,'2018-05-03 00:00:00',719.05),(456,24,'2018-09-11 00:00:00',1748.48),(458,85,'2018-01-21 00:00:00',672.32),(460,55,'2018-09-27 00:00:00',236.85),(462,23,'2018-02-02 00:00:00',198.56),(463,18,'2018-01-06 00:00:00',1991.12),(465,98,'2018-07-14 00:00:00',276.6),(466,76,'2018-10-08 00:00:00',129.4),(467,70,'2018-02-19 00:00:00',518.36),(469,7,'2018-09-14 00:00:00',170.62),(471,80,'2018-01-14 00:00:00',512.12),(472,70,'2018-12-30 00:00:00',1522.27),(475,73,'2018-03-06 00:00:00',2055.14),(476,93,'2018-05-11 00:00:00',326.52),(477,49,'2018-07-04 00:00:00',1468.24),(478,9,'2018-03-24 00:00:00',1658.48),(479,60,'2018-11-10 00:00:00',89.28),(480,11,'2018-01-22 00:00:00',149.08),(482,85,'2018-02-23 00:00:00',424.71),(485,12,'2018-04-08 00:00:00',236.95),(486,26,'2018-06-13 00:00:00',471.58),(487,32,'2018-12-14 00:00:00',1742.68),(488,75,'2018-10-06 00:00:00',1181.4),(489,28,'2018-04-11 00:00:00',440.38),(491,8,'2018-05-08 00:00:00',719.05),(492,14,'2018-03-19 00:00:00',2198.95),(494,7,'2018-05-22 00:00:00',1759.38),(496,69,'2018-04-02 00:00:00',2889.99),(497,53,'2018-06-24 00:00:00',273.28),(499,2,'2018-11-02 00:00:00',2277.4),(500,23,'2018-09-06 00:00:00',1567.64),(501,22,'2018-01-05 00:00:00',1351.42),(504,42,'2018-04-10 00:00:00',1491.3),(505,12,'2018-11-16 00:00:00',1735.04),(506,88,'2018-04-01 00:00:00',3323.45),(507,25,'2018-01-16 00:00:00',494.94),(509,69,'2018-12-08 00:00:00',1910.2),(510,22,'2018-05-04 00:00:00',148.62),(511,44,'2018-07-23 00:00:00',63.65),(512,59,'2018-02-20 00:00:00',371.8),(513,90,'2018-06-16 00:00:00',36.45),(514,70,'2018-11-12 00:00:00',698.86),(517,57,'2018-10-10 00:00:00',1104.2),(518,38,'2018-03-17 00:00:00',20.36),(520,10,'2018-03-06 00:00:00',823.66),(522,67,'2018-03-10 00:00:00',491.31),(523,33,'2018-02-01 00:00:00',1074.81),(525,78,'2018-08-25 00:00:00',334.08),(526,44,'2018-05-10 00:00:00',474.8),(527,29,'2018-12-07 00:00:00',815.94),(529,20,'2018-03-05 00:00:00',439.64),(530,52,'2018-11-21 00:00:00',833.52),(531,66,'2018-09-01 00:00:00',4600.05),(532,42,'2018-12-21 00:00:00',2391.39),(535,15,'2018-04-17 00:00:00',166.28),(536,19,'2018-11-10 00:00:00',158.71),(537,52,'2018-04-07 00:00:00',1211.31),(538,9,'2018-10-14 00:00:00',589.28),(539,78,'2018-01-04 00:00:00',1676),(541,61,'2018-08-03 00:00:00',1222.28),(545,55,'2018-11-15 00:00:00',2947.37),(547,49,'2018-01-19 00:00:00',1290.4),(548,52,'2018-10-22 00:00:00',2264.78),(549,36,'2018-08-29 00:00:00',2984.02),(551,40,'2018-03-18 00:00:00',364.23),(552,42,'2018-12-28 00:00:00',1791.14),(553,13,'2018-09-08 00:00:00',1752.09),(554,70,'2018-11-09 00:00:00',679.1),(555,32,'2018-03-23 00:00:00',375.48),(556,67,'2018-12-25 00:00:00',2438.2),(557,46,'2018-05-10 00:00:00',1871.25),(559,92,'2018-04-24 00:00:00',1606.21),(560,2,'2018-04-10 00:00:00',152.82),(562,67,'2018-06-26 00:00:00',921.58),(563,14,'2018-09-30 00:00:00',1859.08),(564,66,'2018-12-17 00:00:00',975.73),(565,21,'2018-07-15 00:00:00',1183.76),(567,11,'2018-10-20 00:00:00',1474.66),(570,48,'2018-03-03 00:00:00',1732.3),(571,83,'2018-07-09 00:00:00',1615.56),(573,60,'2018-02-18 00:00:00',799.47),(575,53,'2018-12-22 00:00:00',2081.04),(576,62,'2018-05-04 00:00:00',800.44),(577,26,'2018-02-26 00:00:00',1298.3),(581,58,'2018-11-05 00:00:00',570.28),(582,6,'2018-04-23 00:00:00',1484.32),(583,44,'2018-03-03 00:00:00',108.75),(584,47,'2018-07-05 00:00:00',1994.04),(588,53,'2018-01-30 00:00:00',673.4),(590,27,'2018-08-26 00:00:00',3174.41),(591,85,'2018-01-29 00:00:00',358.46),(593,51,'2018-05-13 00:00:00',1545.79),(595,50,'2018-06-10 00:00:00',1276.56),(598,9,'2018-01-04 00:00:00',1434.57),(599,26,'2018-03-20 00:00:00',3065.58),(600,12,'2018-03-26 00:00:00',2195.3),(601,55,'2018-09-11 00:00:00',683.1),(603,74,'2018-05-03 00:00:00',2967.08),(604,54,'2018-02-24 00:00:00',1719.55),(605,84,'2018-08-21 00:00:00',377.78),(606,69,'2018-08-08 00:00:00',2577.68),(608,92,'2018-08-04 00:00:00',185.4),(609,28,'2018-06-19 00:00:00',386.92),(612,63,'2018-09-08 00:00:00',2797.86),(615,43,'2018-07-11 00:00:00',3608.72),(616,60,'2018-05-19 00:00:00',1371.18),(617,71,'2018-02-16 00:00:00',1559.8),(618,51,'2018-04-14 00:00:00',3846.59),(619,57,'2018-08-10 00:00:00',425.15),(620,5,'2018-12-09 00:00:00',1900.62),(622,1,'2018-01-01 00:00:00',340.83),(624,71,'2018-06-07 00:00:00',2197.3),(625,15,'2018-08-29 00:00:00',387.03),(626,1,'2018-10-13 00:00:00',77.13),(627,84,'2018-01-31 00:00:00',1389.72),(628,49,'2018-12-25 00:00:00',425.1),(629,87,'2018-12-27 00:00:00',452.19),(630,93,'2018-08-27 00:00:00',3464.6),(632,33,'2018-09-09 00:00:00',1233.63),(633,100,'2018-09-21 00:00:00',732.57),(634,63,'2018-10-07 00:00:00',494.3),(635,36,'2018-11-07 00:00:00',250.6),(637,17,'2018-01-30 00:00:00',3062.9),(639,41,'2018-06-06 00:00:00',26.56),(640,12,'2018-12-25 00:00:00',270.15),(641,93,'2018-10-03 00:00:00',1244.16),(642,62,'2018-12-23 00:00:00',41.08),(644,37,'2018-02-26 00:00:00',1938.48),(645,91,'2018-05-04 00:00:00',1824.92),(646,25,'2018-03-30 00:00:00',462.02),(648,77,'2018-05-29 00:00:00',1298.68),(650,29,'2018-12-12 00:00:00',1831.28),(652,28,'2018-04-28 00:00:00',4642.33),(653,25,'2018-05-13 00:00:00',172.16),(654,10,'2018-04-21 00:00:00',409.48),(655,64,'2018-11-14 00:00:00',1503.5),(656,65,'2018-10-09 00:00:00',3088.51),(657,94,'2018-09-03 00:00:00',794.7),(658,64,'2018-12-27 00:00:00',1170.2),(660,43,'2018-03-01 00:00:00',2073.1),(663,14,'2018-10-18 00:00:00',451.57),(664,71,'2018-04-05 00:00:00',1975.1),(665,39,'2018-11-30 00:00:00',4395.21),(670,23,'2018-12-03 00:00:00',203.24),(674,68,'2018-02-11 00:00:00',401.28),(676,60,'2018-01-26 00:00:00',668.55),(677,47,'2018-01-17 00:00:00',1280.34),(678,68,'2018-11-15 00:00:00',2470.22),(679,55,'2018-09-12 00:00:00',822.2),(680,93,'2018-06-26 00:00:00',2695.69),(681,85,'2018-06-10 00:00:00',2435.47),(685,1,'2018-05-19 00:00:00',5148.05),(686,64,'2018-12-07 00:00:00',883.36),(687,18,'2018-07-01 00:00:00',162.68),(688,71,'2018-08-22 00:00:00',1240.52),(692,12,'2018-07-24 00:00:00',940.68),(693,26,'2018-07-03 00:00:00',1217.25),(694,35,'2018-10-27 00:00:00',1206.42),(695,88,'2018-04-05 00:00:00',517.7),(696,81,'2018-06-04 00:00:00',456.69),(697,55,'2018-03-27 00:00:00',254.4),(698,98,'2018-07-23 00:00:00',663.44),(699,55,'2018-04-21 00:00:00',1360.84),(700,72,'2018-09-16 00:00:00',1200.8),(701,77,'2018-09-15 00:00:00',928.36),(703,17,'2018-02-10 00:00:00',305.57),(704,50,'2018-08-17 00:00:00',1044.25),(708,19,'2018-11-08 00:00:00',1371.56),(710,84,'2018-12-29 00:00:00',1914.77),(712,52,'2018-11-03 00:00:00',1575.05),(714,42,'2018-05-03 00:00:00',678.16),(715,99,'2018-02-01 00:00:00',904.42),(716,46,'2018-04-13 00:00:00',589.64),(717,67,'2018-11-06 00:00:00',917),(719,80,'2018-04-26 00:00:00',25.45),(721,51,'2018-03-04 00:00:00',2178.38),(722,64,'2018-07-28 00:00:00',769),(724,86,'2018-07-29 00:00:00',4517.64),(726,72,'2018-06-13 00:00:00',556.8),(727,41,'2018-11-01 00:00:00',725.64),(730,23,'2018-12-02 00:00:00',676.68),(731,44,'2018-02-19 00:00:00',2678.22),(733,35,'2018-12-22 00:00:00',5012.16),(734,41,'2018-09-21 00:00:00',694.12),(735,53,'2018-10-09 00:00:00',725.82),(737,56,'2018-07-17 00:00:00',1428.44),(738,50,'2018-06-14 00:00:00',977.43),(739,3,'2018-11-14 00:00:00',530.8),(741,81,'2018-10-23 00:00:00',1910.9),(742,60,'2018-07-31 00:00:00',1157.67),(743,34,'2018-01-25 00:00:00',653.67),(746,49,'2018-02-07 00:00:00',447.43),(747,81,'2018-08-16 00:00:00',2179.76),(750,47,'2018-10-12 00:00:00',66.06),(751,61,'2018-09-12 00:00:00',161.33),(752,48,'2018-01-28 00:00:00',1151.17),(756,83,'2018-05-24 00:00:00',466.57),(757,98,'2018-12-18 00:00:00',1121.96),(759,17,'2018-05-11 00:00:00',502.87),(760,25,'2018-07-20 00:00:00',575.6),(761,19,'2018-11-13 00:00:00',2279.84),(762,39,'2018-06-12 00:00:00',433.2),(763,99,'2018-11-12 00:00:00',997.02),(765,100,'2018-11-17 00:00:00',2664.43),(768,23,'2018-02-04 00:00:00',622),(769,4,'2018-05-10 00:00:00',900.03),(770,15,'2018-03-28 00:00:00',1247.2),(771,39,'2018-09-16 00:00:00',62.5),(772,45,'2018-08-15 00:00:00',1314.78),(773,41,'2018-11-19 00:00:00',508.62),(774,99,'2018-06-27 00:00:00',1990.15),(775,14,'2018-07-17 00:00:00',1510.6),(776,63,'2018-10-18 00:00:00',1354.95),(777,46,'2018-01-30 00:00:00',322.93),(778,23,'2018-03-23 00:00:00',566),(779,25,'2018-05-04 00:00:00',3293.57),(780,36,'2018-10-12 00:00:00',2680),(781,59,'2018-03-23 00:00:00',1117.68),(782,99,'2018-09-22 00:00:00',740.44),(783,47,'2018-05-06 00:00:00',543),(784,67,'2018-06-02 00:00:00',2310.49),(785,35,'2018-04-13 00:00:00',77.13),(786,3,'2018-01-14 00:00:00',681.82),(790,95,'2018-03-13 00:00:00',362.82),(791,80,'2018-01-01 00:00:00',1370.23),(792,98,'2018-11-29 00:00:00',1802.92),(795,27,'2018-11-06 00:00:00',1863.06),(797,53,'2018-06-26 00:00:00',1838.4),(800,31,'2018-06-16 00:00:00',1459.88),(801,31,'2018-12-27 00:00:00',2554.69),(804,92,'2018-07-05 00:00:00',1241.64),(805,14,'2018-10-18 00:00:00',880.12),(806,33,'2018-08-05 00:00:00',833.52),(807,79,'2018-01-08 00:00:00',1292.6),(809,17,'2018-09-09 00:00:00',196.94),(811,49,'2018-10-17 00:00:00',447.26),(812,59,'2018-10-16 00:00:00',3250.56),(814,99,'2018-11-05 00:00:00',712.2),(817,39,'2018-08-09 00:00:00',789.74),(820,42,'2018-12-26 00:00:00',1431.52),(822,39,'2018-09-26 00:00:00',3064.39),(823,70,'2018-06-17 00:00:00',325.81),(826,22,'2018-07-16 00:00:00',927.44),(833,46,'2018-04-10 00:00:00',1520.82),(834,26,'2018-06-03 00:00:00',779.16),(837,70,'2018-10-07 00:00:00',484.04),(840,81,'2018-11-23 00:00:00',234.42),(841,21,'2018-04-29 00:00:00',1561.88),(842,98,'2018-10-18 00:00:00',111.58),(843,6,'2018-07-18 00:00:00',2092.16),(844,70,'2018-02-13 00:00:00',49.22),(845,91,'2018-04-13 00:00:00',630.02),(850,8,'2018-01-30 00:00:00',1354.62),(856,44,'2018-01-18 00:00:00',1416.93),(857,4,'2018-02-20 00:00:00',1803.43),(858,41,'2018-09-23 00:00:00',1256.95),(860,18,'2018-12-23 00:00:00',226.46),(864,25,'2018-02-03 00:00:00',1837.46),(867,13,'2018-05-21 00:00:00',1322.17),(868,7,'2018-02-19 00:00:00',1405.85),(869,12,'2018-04-14 00:00:00',361.36),(870,20,'2018-06-14 00:00:00',2349.71),(871,98,'2018-09-02 00:00:00',871.55),(873,67,'2018-05-23 00:00:00',671.28),(874,6,'2018-02-07 00:00:00',232.12),(876,49,'2018-08-02 00:00:00',511.95),(877,99,'2018-01-21 00:00:00',67.15),(879,100,'2018-04-08 00:00:00',1506.85),(880,65,'2018-05-09 00:00:00',1134.93),(881,57,'2018-01-16 00:00:00',657.85),(882,100,'2018-10-25 00:00:00',1686.3),(883,14,'2018-04-23 00:00:00',3020.15),(884,93,'2018-04-16 00:00:00',1180.02),(886,29,'2018-01-11 00:00:00',4088.62),(887,22,'2018-08-30 00:00:00',2273.41),(888,37,'2018-09-12 00:00:00',681.4),(889,44,'2018-01-14 00:00:00',1155.18),(890,59,'2018-01-05 00:00:00',1007.15),(891,6,'2018-08-04 00:00:00',1125.87),(893,88,'2018-02-23 00:00:00',318.34),(894,12,'2018-01-17 00:00:00',1598.53),(895,75,'2018-11-10 00:00:00',1719.55),(898,85,'2018-06-12 00:00:00',808.62),(899,21,'2018-12-10 00:00:00',2006.59),(900,15,'2018-08-15 00:00:00',2024.45),(901,71,'2018-03-23 00:00:00',2085.4),(905,80,'2018-08-24 00:00:00',176.43),(906,73,'2018-05-12 00:00:00',2695.69),(907,44,'2018-11-14 00:00:00',694.53),(909,37,'2018-03-05 00:00:00',1522.2),(910,2,'2018-05-29 00:00:00',963.48),(911,81,'2018-11-25 00:00:00',1470.2),(912,52,'2018-02-18 00:00:00',2447.15),(914,31,'2018-09-08 00:00:00',2228.05),(915,32,'2018-11-22 00:00:00',1988.22),(917,53,'2018-05-02 00:00:00',1434.1),(920,64,'2018-03-31 00:00:00',680.58),(921,9,'2018-11-25 00:00:00',2187.5),(922,54,'2018-10-14 00:00:00',970.14),(923,84,'2018-03-18 00:00:00',3065.39),(928,20,'2018-11-30 00:00:00',277.5),(929,80,'2018-07-19 00:00:00',1187.48),(930,87,'2018-12-22 00:00:00',838.04),(931,46,'2018-11-01 00:00:00',1497.18),(932,35,'2018-07-02 00:00:00',125.55),(934,20,'2018-11-30 00:00:00',221.65),(938,17,'2018-02-17 00:00:00',90.82),(940,32,'2018-09-03 00:00:00',158.72),(941,36,'2018-02-03 00:00:00',1086),(943,33,'2018-08-24 00:00:00',1656.77),(944,49,'2018-05-02 00:00:00',1512.95),(945,32,'2018-10-06 00:00:00',4357.95),(948,99,'2018-05-01 00:00:00',79.14),(949,70,'2018-12-17 00:00:00',1359.9),(951,28,'2018-05-18 00:00:00',1196.54),(952,35,'2018-07-01 00:00:00',989.86),(954,10,'2018-06-04 00:00:00',523.47),(955,10,'2018-08-22 00:00:00',1563.05),(957,54,'2018-01-14 00:00:00',223.83),(959,75,'2018-04-23 00:00:00',2390.95),(962,47,'2018-05-31 00:00:00',635.05),(964,82,'2018-08-10 00:00:00',2527.16),(965,47,'2018-04-24 00:00:00',544.4),(967,1,'2018-07-24 00:00:00',1641.52),(969,30,'2018-03-31 00:00:00',2318.63),(971,25,'2018-05-19 00:00:00',1283.52),(972,79,'2018-03-24 00:00:00',1954.38),(973,25,'2018-07-04 00:00:00',981.56),(976,45,'2018-01-25 00:00:00',291.46),(978,94,'2018-06-13 00:00:00',28.59),(979,78,'2018-11-17 00:00:00',348.62),(980,60,'2018-09-16 00:00:00',4900.41),(981,22,'2018-04-27 00:00:00',155.25),(983,5,'2018-01-20 00:00:00',1036.29),(986,27,'2018-03-04 00:00:00',2497.81),(988,96,'2018-10-21 00:00:00',3468.05),(989,53,'2018-05-08 00:00:00',1381.3),(992,59,'2018-11-11 00:00:00',399.34),(995,88,'2018-04-14 00:00:00',390.68),(996,25,'2018-02-07 00:00:00',728.23),(997,79,'2018-07-28 00:00:00',298.9);
/*!40000 ALTER TABLE `orders` ENABLE KEYS */;
UNLOCK TABLES;

--
-- Table structure for table `product`
--

DROP TABLE IF EXISTS `product`;
/*!40101 SET @saved_cs_client     = @@character_set_client */;
/*!40101 SET character_set_client = utf8 */;
CREATE TABLE `product` (
  `product_id` int(11) NOT NULL AUTO_INCREMENT,
  `online_store_id` int(11) NOT NULL,
  `product_information_id` int(11) NOT NULL,
  `category` varchar(50) DEFAULT NULL,
  `quantity` int(11) NOT NULL,
  `unit_price` double DEFAULT NULL,
  PRIMARY KEY (`product_id`),
  KEY `online_stores_fk` (`online_store_id`),
  KEY `product_information_fk` (`product_information_id`),
  CONSTRAINT `online_stores_fk` FOREIGN KEY (`online_store_id`) REFERENCES `online_stores` (`online_store_id`),
  CONSTRAINT `product_information_fk` FOREIGN KEY (`product_information_id`) REFERENCES `product_information` (`product_information_id`)
) ENGINE=InnoDB AUTO_INCREMENT=1001 DEFAULT CHARSET=utf8;
/*!40101 SET character_set_client = @saved_cs_client */;

--
-- Dumping data for table `product`
--

LOCK TABLES `product` WRITE;
/*!40000 ALTER TABLE `product` DISABLE KEYS */;
INSERT INTO `product` VALUES (1,4,922,'Technology',687,275.84),(2,10,715,'Technology',282,143.9),(3,4,11,'Finance',359,343.11),(4,5,347,'Consumer Services',694,156.15),(5,2,682,'Finance',333,39.57),(6,10,229,'Public Utilities',269,294.64),(7,4,453,'Health Care',277,458.59),(8,8,362,'Health Care',884,335.68),(9,7,806,'Finance',379,498.56),(10,6,864,'Technology',201,482.3),(11,1,394,'n/a',401,65.68),(12,8,954,'Capital Goods',899,62.5),(13,6,259,'n/a',549,39.68),(14,6,873,'Basic Industries',587,463.44),(15,10,810,'Finance',489,427),(16,4,588,'Technology',652,57.03),(17,6,857,'n/a',338,260.93),(18,6,656,'n/a',277,324.78),(19,8,212,'Health Care',362,458.67),(20,8,937,'Consumer Services',426,227.05),(21,1,149,'Energy',412,276.6),(22,9,102,'Energy',215,187.45),(23,6,243,'Consumer Services',334,392.55),(24,4,243,'Transportation',670,483.63),(25,9,321,'Finance',423,306.76),(26,1,717,'Consumer Services',258,116.06),(27,10,230,'n/a',942,211.93),(28,8,961,'Health Care',480,150.09),(29,6,498,'Technology',757,279.73),(30,3,8,'Health Care',881,162.64),(31,1,390,'Transportation',508,47.16),(32,6,828,'n/a',779,390.6),(33,10,243,'Finance',256,94.51),(34,3,780,'Basic Industries',509,225.45),(35,3,369,'Finance',607,110.65),(36,1,79,'Basic Industries',190,230.55),(37,5,763,'Health Care',953,133.92),(38,2,166,'Consumer Non-Durables',110,333.97),(39,4,601,'Transportation',311,20.87),(40,8,697,'Consumer Services',650,212.93),(41,7,221,'n/a',427,317.42),(42,5,345,'Finance',732,125.44),(43,9,533,'Consumer Services',609,215.2),(44,8,150,'Energy',468,78.41),(45,8,848,'n/a',331,2.01),(46,8,51,'n/a',376,446.93),(47,8,777,'Technology',694,487.64),(48,5,384,'Health Care',878,29.55),(49,9,325,'Consumer Services',892,20.88),(50,2,599,'Health Care',702,291.62),(51,2,955,'Health Care',114,454.15),(52,4,614,'Health Care',784,425.1),(53,9,400,'n/a',344,63.89),(54,2,828,'Health Care',197,366.4),(55,6,340,'n/a',371,203.08),(56,6,458,'n/a',876,78.76),(57,1,970,'Consumer Non-Durables',627,226.49),(58,1,881,'Consumer Services',366,387.85),(59,1,787,'Finance',329,483.47),(60,2,723,'n/a',960,301.45),(61,6,956,'Finance',793,471.2),(62,2,765,'Finance',986,195.13),(63,4,15,'Finance',271,385.24),(64,5,704,'Health Care',621,497.78),(65,5,786,'Finance',398,423.8),(66,4,986,'Health Care',772,493.54),(67,6,792,'Consumer Services',888,374.52),(68,8,309,'Health Care',318,216.58),(69,3,919,'n/a',761,255.3),(70,7,48,'n/a',919,273.7),(71,1,850,'Energy',557,223.63),(72,8,597,'n/a',344,120.18),(73,2,210,'n/a',505,404.82),(74,1,443,'Consumer Non-Durables',500,202.53),(75,6,266,'Health Care',831,430.81),(76,10,522,'Consumer Services',197,33.84),(77,8,431,'Consumer Services',186,428.77),(78,8,984,'Health Care',165,41.41),(79,9,964,'Technology',331,318.11),(80,7,169,'Technology',341,375.57),(81,5,607,'Consumer Services',751,108.12),(82,4,415,'n/a',445,219.11),(83,4,521,'Finance',925,191.42),(84,3,759,'Finance',683,378.31),(85,7,765,'Finance',853,165.85),(86,8,798,'n/a',548,108.74),(87,1,923,'Capital Goods',726,479.76),(88,7,711,'Capital Goods',615,229.4),(89,1,354,'Energy',216,413.88),(90,9,22,'n/a',826,20.95),(91,2,841,'Finance',136,343.91),(92,7,895,'n/a',334,305.9),(93,10,237,'Technology',953,422.41),(94,8,68,'Basic Industries',540,295.97),(95,3,804,'Finance',855,359.16),(96,4,223,'Public Utilities',497,208.85),(97,7,818,'Public Utilities',684,444.47),(98,6,968,'n/a',550,274.78),(99,2,892,'Energy',896,32.58),(100,6,622,'Consumer Durables',404,225.66),(101,3,689,'n/a',322,310.13),(102,3,690,'Capital Goods',375,82.16),(103,1,692,'n/a',235,286.88),(104,8,724,'Consumer Services',966,292.71),(105,8,501,'n/a',962,327.25),(106,8,404,'Energy',856,214.92),(107,8,79,'Consumer Non-Durables',169,274.31),(108,3,571,'Finance',644,499.65),(109,3,24,'Transportation',975,188.38),(110,9,916,'n/a',476,107.06),(111,7,791,'Consumer Non-Durables',735,157.79),(112,1,277,'n/a',488,91.68),(113,6,788,'Basic Industries',427,400.22),(114,10,585,'Consumer Services',667,445.17),(115,7,403,'Finance',465,241.94),(116,3,37,'Basic Industries',402,36.56),(117,7,257,'Consumer Services',824,195.71),(118,6,318,'Finance',142,360.57),(119,1,542,'Miscellaneous',333,36.25),(120,2,965,'Finance',523,104.99),(121,2,273,'n/a',828,205.05),(122,9,860,'Consumer Services',904,384.28),(123,8,929,'Technology',962,36.45),(124,7,209,'Consumer Services',248,229.22),(125,6,124,'n/a',634,361.91),(126,4,170,'Energy',535,229.47),(127,2,194,'Technology',964,265.5),(128,8,477,'Finance',182,318.36),(129,8,426,'n/a',815,291.78),(130,3,548,'Consumer Services',293,384.65),(131,5,673,'Energy',421,350.12),(132,8,389,'n/a',390,388.67),(133,4,287,'Health Care',709,323.15),(134,1,452,'Consumer Services',961,414.62),(135,8,404,'n/a',191,239.09),(136,5,115,'Health Care',748,146.56),(137,2,794,'Consumer Services',857,12.73),(138,3,129,'Health Care',197,261.18),(139,1,470,'Consumer Durables',236,129.63),(140,4,218,'Technology',203,324.67),(141,6,272,'n/a',300,162.64),(142,1,532,'Finance',802,386.45),(143,2,730,'Capital Goods',373,318.69),(144,1,119,'Transportation',620,386.32),(145,8,259,'Consumer Non-Durables',939,393.5),(146,7,550,'Capital Goods',220,362.82),(147,1,320,'Consumer Services',561,107.58),(148,9,162,'Consumer Services',460,226.15),(149,3,830,'n/a',657,163.69),(150,6,758,'Finance',202,169.54),(151,9,612,'Consumer Services',890,143.66),(152,10,336,'Consumer Durables',947,444.1),(153,9,277,'n/a',838,305.35),(154,9,736,'n/a',755,270.99),(155,6,922,'Public Utilities',335,15.55),(156,1,778,'n/a',327,11.39),(157,3,159,'Capital Goods',244,101.98),(158,2,941,'n/a',129,277.51),(159,7,513,'Finance',477,184.8),(160,9,519,'Consumer Services',735,255.34),(161,10,101,'Consumer Services',334,392.93),(162,2,886,'Basic Industries',435,479.84),(163,5,65,'Finance',468,281.17),(164,1,450,'Transportation',591,198.56),(165,10,710,'Basic Industries',176,208.27),(166,4,693,'Health Care',798,401.42),(167,8,736,'n/a',715,11.78),(168,10,585,'Energy',476,267.62),(169,9,993,'Basic Industries',671,124.43),(170,5,775,'n/a',675,182.56),(171,4,541,'Technology',754,278.51),(172,9,278,'Finance',743,105.37),(173,4,472,'Health Care',386,24.39),(174,1,919,'Public Utilities',900,468.32),(175,4,849,'Health Care',992,17.96),(176,9,837,'Capital Goods',381,249.3),(177,10,872,'Basic Industries',839,149.46),(178,6,945,'n/a',745,342.96),(179,9,91,'Finance',697,486.89),(180,1,414,'Finance',260,389.09),(181,4,387,'Finance',498,223.02),(182,1,260,'Finance',969,492.97),(183,7,145,'Consumer Services',977,361.36),(184,4,204,'Finance',269,492.29),(185,8,443,'Miscellaneous',295,178.97),(186,1,593,'Consumer Services',990,243.38),(187,9,444,'Consumer Services',706,450.71),(188,7,719,'Finance',406,378.04),(189,5,294,'Health Care',624,341.61),(190,2,589,'Transportation',207,295.69),(191,8,7,'Basic Industries',279,419.14),(192,8,777,'Miscellaneous',591,1.54),(193,6,343,'Technology',654,484.44),(194,9,986,'Public Utilities',878,149.66),(195,5,645,'n/a',151,230.44),(196,7,758,'Miscellaneous',395,403.86),(197,1,738,'n/a',412,153.8),(198,10,99,'Consumer Durables',680,367.68),(199,1,10,'n/a',906,493.44),(200,7,637,'Health Care',276,213.39),(201,1,728,'Consumer Durables',158,7.25),(202,4,394,'Health Care',856,227.57),(203,4,224,'Consumer Non-Durables',531,430.41),(204,9,407,'n/a',785,287.91),(205,10,454,'n/a',412,204.25),(206,1,818,'Health Care',188,472.93),(207,1,46,'Health Care',460,219.61),(208,10,372,'Consumer Non-Durables',717,4.32),(209,7,642,'n/a',338,389.58),(210,1,982,'Health Care',107,93.32),(211,10,567,'Consumer Non-Durables',312,107.21),(212,7,754,'Finance',582,105.65),(213,2,138,'Health Care',954,157.92),(214,7,482,'Health Care',874,353.48),(215,9,313,'Health Care',949,135.82),(216,9,933,'Consumer Services',369,136.69),(217,10,635,'Finance',731,293.83),(218,2,163,'Consumer Non-Durables',828,497.5),(219,9,951,'Health Care',511,353.8),(220,9,814,'Technology',715,98.47),(221,5,885,'Technology',169,431.89),(222,7,231,'n/a',534,160.15),(223,3,668,'n/a',247,13.89),(224,7,809,'n/a',940,342.89),(225,9,623,'Capital Goods',700,387.7),(226,9,131,'Consumer Non-Durables',504,368.65),(227,10,811,'Energy',331,479.59),(228,3,405,'Consumer Services',635,192.66),(229,10,358,'n/a',167,484.04),(230,10,608,'Energy',327,275.26),(231,2,70,'n/a',202,108.01),(232,8,845,'n/a',954,57.55),(233,9,438,'Finance',266,301.37),(234,1,544,'Transportation',968,481),(235,7,316,'n/a',626,131.57),(236,8,675,'Consumer Services',835,231.97),(237,2,710,'n/a',565,377.14),(238,8,804,'Transportation',979,467.75),(239,6,760,'Health Care',316,323.7),(240,6,3,'Finance',601,150.67),(241,2,600,'n/a',143,48.52),(242,3,13,'Technology',765,154.14),(243,6,390,'n/a',249,407.63),(244,7,49,'Consumer Services',951,472.31),(245,1,647,'Finance',863,459.68),(246,4,492,'n/a',744,493.89),(247,9,487,'Consumer Non-Durables',728,248.46),(248,3,487,'n/a',559,245.83),(249,6,459,'Consumer Non-Durables',376,474.96),(250,3,727,'Public Utilities',206,173.53),(251,5,307,'Consumer Services',242,228.85),(252,3,305,'Public Utilities',360,55.79),(253,4,824,'Basic Industries',869,446.98),(254,6,426,'Consumer Non-Durables',797,182.81),(255,4,128,'Consumer Services',275,408.58),(256,5,925,'n/a',260,216.16),(257,1,374,'Basic Industries',316,450.07),(258,4,156,'Technology',960,231.54),(259,2,481,'Technology',923,395.42),(260,1,531,'Technology',388,417.08),(261,10,352,'n/a',711,346.26),(262,8,392,'Health Care',214,124.4),(263,2,388,'Finance',494,227.86),(264,7,442,'Technology',775,365.87),(265,2,627,'Finance',909,357.53),(266,9,507,'Finance',669,242.5),(267,8,891,'Energy',532,382.92),(268,6,302,'Basic Industries',517,242.86),(269,7,989,'Health Care',631,347.29),(270,7,360,'Health Care',933,467.9),(271,7,704,'Health Care',582,13),(272,6,503,'Finance',244,364.97),(273,8,962,'Finance',680,293.39),(274,4,36,'Transportation',580,369.57),(275,3,507,'n/a',954,439.79),(276,5,370,'Consumer Non-Durables',347,221.65),(277,10,669,'Finance',955,223.68),(278,8,900,'n/a',917,316.41),(279,7,30,'Consumer Services',236,215.11),(280,5,123,'Health Care',598,456.11),(281,9,85,'Consumer Services',426,410.03),(282,6,230,'n/a',768,364.23),(283,4,279,'Energy',642,454.22),(284,4,438,'Technology',184,21.41),(285,7,101,'Consumer Services',431,55.62),(286,8,175,'Consumer Non-Durables',467,344.12),(287,9,198,'n/a',219,337.2),(288,9,198,'Technology',962,449.37),(289,4,430,'n/a',308,96.87),(290,3,718,'Finance',912,497.99),(291,8,82,'Technology',408,84.04),(292,9,20,'Health Care',527,293.12),(293,1,819,'Miscellaneous',212,167.38),(294,8,153,'Technology',794,174.34),(295,6,883,'Finance',912,373.91),(296,4,211,'n/a',630,294.82),(297,5,71,'Consumer Durables',588,376.49),(298,7,771,'Finance',188,348.78),(299,9,211,'n/a',183,215.19),(300,3,826,'Consumer Services',685,174.31),(301,6,275,'Health Care',453,493.91),(302,8,266,'n/a',185,144.18),(303,1,729,'Technology',388,194.06),(304,8,21,'n/a',962,216.23),(305,2,912,'Consumer Services',468,61.62),(306,5,46,'Energy',471,266.87),(307,4,270,'Finance',275,72.73),(308,6,788,'Public Utilities',220,31.56),(309,2,962,'Technology',476,273.07),(310,10,288,'Energy',806,498.7),(311,9,230,'n/a',365,156.27),(312,6,214,'Finance',847,481.16),(313,4,644,'Transportation',670,194.03),(314,8,831,'n/a',291,455.56),(315,1,401,'Finance',505,267.53),(316,6,625,'Public Utilities',694,240.15),(317,6,177,'Technology',193,196.35),(318,8,334,'Capital Goods',952,37.88),(319,10,644,'Consumer Services',916,196.6),(320,8,115,'n/a',792,393.34),(321,1,998,'Consumer Services',444,277.53),(322,4,987,'n/a',460,180.18),(323,9,831,'Technology',912,398.03),(324,6,673,'Consumer Services',568,338.45),(325,7,301,'Technology',846,386.92),(326,1,432,'n/a',486,387.03),(327,1,53,'Finance',377,365.07),(328,1,330,'Finance',846,419.02),(329,7,349,'Finance',341,124.44),(330,5,160,'Health Care',209,371.31),(331,7,691,'Basic Industries',513,484.62),(332,5,579,'n/a',583,217.28),(333,9,567,'Finance',780,25.32),(334,10,923,'Energy',928,110.84),(335,1,932,'Finance',437,343.28),(336,4,836,'Miscellaneous',133,438.26),(337,8,72,'n/a',257,305.57),(338,6,917,'Health Care',623,207.62),(339,4,469,'Capital Goods',95,91.64),(340,7,386,'Consumer Services',180,385.89),(341,5,310,'n/a',104,108.38),(342,5,61,'n/a',817,27.74),(343,7,611,'n/a',736,460.54),(344,7,281,'Technology',590,100.95),(345,5,31,'Finance',774,111.82),(346,8,823,'Finance',751,276.26),(347,3,58,'Finance',795,270.04),(348,6,202,'Health Care',452,260.2),(349,4,548,'n/a',359,202.72),(350,1,185,'Basic Industries',461,300.62),(351,10,556,'Energy',624,156.83),(352,5,781,'Health Care',442,61.88),(353,1,706,'Finance',255,454.57),(354,9,205,'Health Care',523,428.6),(355,6,933,'Consumer Non-Durables',369,34.19),(356,10,470,'n/a',182,119.33),(357,7,482,'Energy',360,101.23),(358,7,14,'Technology',191,186.4),(359,8,137,'Finance',301,37.38),(360,10,357,'Technology',568,150.73),(361,4,298,'Energy',318,10.27),(362,3,948,'Capital Goods',98,167.82),(363,8,306,'Public Utilities',763,187.09),(364,1,828,'Health Care',710,105.86),(365,3,816,'Technology',929,25.55),(366,7,536,'Consumer Services',331,110.91),(367,1,473,'Finance',906,399.63),(368,2,922,'Consumer Services',454,350.8),(369,2,776,'Finance',321,488.57),(370,9,403,'Technology',226,351.36),(371,9,104,'Capital Goods',249,253.48),(372,10,634,'Basic Industries',713,19.19),(373,2,390,'Consumer Services',344,348.34),(374,7,524,'Finance',917,190.76),(375,8,31,'Consumer Durables',500,74.31),(376,4,165,'Consumer Non-Durables',398,111.36),(377,9,458,'Consumer Durables',733,255.89),(378,3,688,'Technology',972,469.58),(379,5,837,'Health Care',969,465.51),(380,2,270,'n/a',483,68.82),(381,1,847,'Health Care',861,25.88),(382,2,188,'n/a',568,55.89),(383,6,944,'n/a',550,198.46),(384,2,846,'Health Care',994,108.2),(385,8,316,'Consumer Services',646,387.02),(386,9,917,'Health Care',659,26.91),(387,6,577,'n/a',902,52.11),(388,10,576,'Capital Goods',550,356.23),(389,5,760,'Consumer Services',603,142.8),(390,10,420,'Health Care',714,263.76),(391,3,561,'Finance',782,229.25),(392,6,125,'Public Utilities',159,260.83),(393,1,51,'Consumer Non-Durables',947,495.13),(394,5,51,'Consumer Services',710,100.32),(395,6,227,'n/a',520,63.93),(396,1,446,'Energy',457,366.6),(397,9,830,'Technology',556,249.44),(398,3,322,'Finance',409,119.37),(399,9,83,'Technology',409,142.94),(400,8,696,'Finance',260,302.59),(401,2,291,'Technology',803,452.45),(402,2,732,'Energy',108,159.17),(403,4,418,'n/a',605,236.46),(404,9,740,'Technology',281,345.43),(405,2,871,'n/a',362,86.34),(406,8,198,'Technology',199,448.83),(407,9,48,'n/a',201,127.36),(408,10,473,'Finance',811,430.15),(409,2,836,'Finance',866,474.75),(410,5,198,'Health Care',979,171.23),(411,5,579,'n/a',429,224.19),(412,9,748,'Technology',715,55.18),(413,1,978,'n/a',446,318.46),(414,5,619,'Technology',294,336.74),(415,2,952,'Finance',268,10.12),(416,4,898,'Consumer Services',366,383.27),(417,6,562,'Health Care',296,116.69),(418,1,911,'Miscellaneous',284,408.07),(419,5,873,'Consumer Non-Durables',640,314.68),(420,5,467,'Technology',145,220.84),(421,4,352,'Health Care',599,466.57),(422,3,94,'n/a',160,350.42),(423,2,23,'Finance',268,37.27),(424,7,92,'Consumer Services',889,192.91),(425,9,310,'Consumer Services',595,140.17),(426,1,233,'Health Care',855,440.11),(427,6,577,'Basic Industries',565,159.08),(428,1,631,'Finance',407,141.05),(429,7,143,'Finance',936,283.61),(430,10,141,'Miscellaneous',442,245.87),(431,9,602,'n/a',706,484.63),(432,1,526,'Health Care',786,404.89),(433,1,470,'n/a',643,136.64),(434,9,738,'Technology',184,85.74),(435,7,610,'Energy',865,254.93),(436,10,676,'Energy',243,267.21),(437,4,190,'Capital Goods',154,299.03),(438,3,265,'Technology',550,331.75),(439,10,521,'Health Care',946,19.86),(440,2,727,'Energy',189,425.52),(441,1,209,'Consumer Services',147,5.09),(442,2,107,'Consumer Services',442,365.46),(443,4,500,'n/a',154,370.22),(444,2,931,'Public Utilities',715,372.58),(445,9,39,'Capital Goods',416,324.94),(446,2,761,'Energy',489,399.17),(447,7,717,'Consumer Non-Durables',588,143.81),(448,8,632,'Finance',312,438.43),(449,3,910,'n/a',368,225.82),(450,2,29,'Capital Goods',299,26.62),(451,10,936,'Energy',379,428.74),(452,7,434,'Consumer Durables',598,463.72),(453,8,318,'n/a',353,469.45),(454,4,204,'n/a',330,340.42),(455,6,792,'n/a',320,205.77),(456,2,968,'Health Care',324,433.98),(457,10,629,'n/a',333,247.33),(458,9,724,'n/a',332,370.22),(459,4,649,'Energy',567,361.84),(460,1,341,'Energy',788,266.49),(461,7,718,'Basic Industries',616,326.28),(462,10,308,'Technology',164,178.51),(463,1,477,'Energy',126,165.4),(464,5,29,'Finance',270,401.32),(465,8,236,'n/a',473,403.77),(466,8,992,'Finance',958,280.15),(467,7,456,'Miscellaneous',189,174.06),(468,9,167,'Miscellaneous',649,95.65),(469,1,832,'Finance',620,358.46),(470,3,879,'Technology',747,389.95),(471,10,808,'Consumer Services',336,89.17),(472,6,789,'Finance',143,176.75),(473,4,399,'n/a',527,340.7),(474,4,452,'Finance',474,53.72),(475,7,551,'Transportation',576,409.48),(476,5,726,'Consumer Services',365,78.73),(477,10,352,'Consumer Services',925,103.63),(478,9,530,'n/a',540,87.88),(479,3,986,'Energy',302,425.28),(480,5,628,'Consumer Durables',698,83.09),(481,2,115,'Basic Industries',704,309.92),(482,3,16,'Consumer Services',688,41.66),(483,10,656,'Energy',611,84.8),(484,4,358,'n/a',971,6.27),(485,3,636,'Public Utilities',744,192.96),(486,10,594,'Finance',614,431.55),(487,6,860,'Health Care',773,397.35),(488,8,117,'Public Utilities',389,282.88),(489,3,136,'Finance',590,58.81),(490,3,235,'Health Care',169,360.27),(491,6,258,'n/a',793,30.54),(492,10,575,'Capital Goods',672,123.8),(493,4,613,'Finance',669,295.94),(494,8,874,'n/a',282,299.86),(495,10,429,'Health Care',547,172.16),(496,2,488,'n/a',928,46.35),(497,3,315,'Energy',704,473.82),(498,9,324,'Consumer Non-Durables',97,481.31),(499,8,72,'Transportation',529,173.94),(500,2,491,'Finance',781,14.84),(501,1,603,'Health Care',355,300.64),(502,7,299,'Technology',799,478.39),(503,4,871,'Technology',288,321.35),(504,3,145,'Capital Goods',176,383.99),(505,8,317,'Miscellaneous',126,73.27),(506,7,448,'Consumer Durables',767,423.79),(507,3,94,'Finance',748,478.19),(508,8,971,'Technology',382,133.71),(509,7,722,'n/a',969,44.95),(510,10,937,'Public Utilities',428,193.93),(511,1,203,'Energy',263,103.54),(512,10,38,'n/a',230,394.87),(513,1,963,'Health Care',156,251.39),(514,10,783,'Capital Goods',222,443.67),(515,10,703,'Finance',749,338.77),(516,9,379,'Technology',196,195.29),(517,9,539,'Capital Goods',825,395.95),(518,5,951,'Health Care',207,494.77),(519,3,244,'Consumer Services',727,310.03),(520,3,243,'Consumer Services',589,4.46),(521,2,146,'Technology',994,357.16),(522,3,956,'n/a',354,276.26),(523,3,1,'n/a',973,37.66),(524,8,125,'Basic Industries',782,421.35),(525,1,190,'Health Care',403,481.74),(526,2,574,'Consumer Durables',544,168.57),(527,10,467,'Public Utilities',799,376.3),(528,10,597,'Basic Industries',781,152.82),(529,8,491,'n/a',446,69.58),(530,8,861,'Transportation',991,162.68),(531,1,903,'Health Care',289,148.63),(532,5,465,'Health Care',196,172.69),(533,8,528,'Technology',839,205.25),(534,6,504,'n/a',200,379.5),(535,10,442,'n/a',726,442.65),(536,10,344,'Basic Industries',699,340.21),(537,1,241,'Capital Goods',341,451.57),(538,9,840,'n/a',692,215.99),(539,6,775,'n/a',886,431.96),(540,4,997,'Finance',459,485.38),(541,2,154,'n/a',291,462.87),(542,6,220,'Technology',801,85.31),(543,1,810,'Public Utilities',417,488.45),(544,8,806,'n/a',117,49.59),(545,4,260,'n/a',171,166.36),(546,4,372,'n/a',602,64.21),(547,9,164,'Finance',562,189.49),(548,10,104,'Capital Goods',626,8.48),(549,2,681,'Health Care',424,419.44),(550,2,698,'Consumer Services',203,9.05),(551,2,715,'Finance',684,226.46),(552,5,668,'n/a',145,105.36),(553,8,257,'Capital Goods',784,277.55),(554,9,320,'Capital Goods',957,148.68),(555,6,739,'Basic Industries',869,63.15),(556,7,817,'Consumer Durables',250,486.89),(557,7,249,'Health Care',817,470.34),(558,7,488,'n/a',201,448.77),(559,5,186,'n/a',258,13.79),(560,2,29,'Transportation',256,126.19),(561,7,880,'Energy',990,41.85),(562,6,628,'n/a',268,293.83),(563,8,673,'Consumer Services',162,84.54),(564,10,927,'n/a',389,55.17),(565,9,232,'Finance',969,371.8),(566,2,432,'Basic Industries',766,52.2),(567,9,584,'Capital Goods',889,207.26),(568,2,971,'Capital Goods',154,329.24),(569,6,577,'Basic Industries',430,184.38),(570,3,794,'Consumer Services',228,101.43),(571,6,743,'Energy',400,310.76),(572,10,701,'Technology',141,289.19),(573,5,893,'Capital Goods',877,286.82),(574,8,221,'Finance',615,213.63),(575,5,140,'Consumer Non-Durables',364,426.19),(576,8,956,'Finance',309,267.02),(577,6,258,'Health Care',428,227.94),(578,10,574,'Technology',603,389.39),(579,9,562,'Basic Industries',175,221.96),(580,3,588,'n/a',315,5.34),(581,6,896,'n/a',364,419.31),(582,7,362,'n/a',222,4.71),(583,2,274,'n/a',431,225.6),(584,5,313,'n/a',423,229.94),(585,1,760,'Capital Goods',456,310.72),(586,5,722,'Finance',887,169.89),(587,5,34,'Consumer Non-Durables',431,270.11),(588,4,979,'Consumer Non-Durables',704,455.48),(589,8,405,'Technology',743,13.73),(590,8,517,'Capital Goods',430,168.52),(591,9,642,'Finance',341,204.86),(592,2,532,'Technology',787,423.11),(593,9,988,'n/a',375,237.4),(594,2,572,'n/a',705,485.67),(595,9,914,'n/a',687,361.38),(596,7,267,'n/a',613,86.79),(597,4,450,'Health Care',256,279.02),(598,5,651,'Basic Industries',960,334),(599,10,928,'n/a',109,398.06),(600,5,103,'Basic Industries',524,289.27),(601,7,470,'Miscellaneous',895,271.98),(602,7,78,'Capital Goods',457,10.09),(603,6,551,'Public Utilities',348,300.2),(604,8,759,'Technology',307,31.81),(605,10,988,'n/a',973,91.14),(606,6,834,'n/a',337,194.01),(607,7,388,'n/a',543,188.89),(608,3,171,'Basic Industries',936,322.79),(609,7,180,'Consumer Services',780,101.33),(610,9,903,'Basic Industries',802,169.17),(611,5,677,'Finance',349,415.23),(612,4,811,'Consumer Services',541,3.72),(613,2,303,'Technology',669,214.11),(614,4,186,'Health Care',97,151.93),(615,8,751,'Health Care',427,362.33),(616,3,794,'Public Utilities',605,405.54),(617,9,751,'n/a',616,1.03),(618,5,104,'Finance',949,121.91),(619,2,891,'Energy',504,498.24),(620,3,688,'Health Care',496,371.33),(621,3,649,'Health Care',238,326.61),(622,10,986,'Consumer Services',339,368.74),(623,8,684,'Health Care',343,422.06),(624,10,469,'Energy',478,348.58),(625,7,195,'n/a',199,491.88),(626,7,777,'Finance',239,224.76),(627,8,585,'Health Care',731,445.4),(628,9,682,'n/a',685,74.51),(629,7,562,'Miscellaneous',970,145.76),(630,7,17,'n/a',697,468.89),(631,1,133,'n/a',820,270.76),(632,2,269,'Finance',588,127.65),(633,6,898,'Finance',918,9.53),(634,8,322,'Technology',620,109.61),(635,7,308,'Consumer Services',508,65.02),(636,7,93,'Technology',171,114.05),(637,2,25,'n/a',938,388.78),(638,5,298,'Technology',142,20.32),(639,9,912,'Consumer Non-Durables',847,364.77),(640,7,224,'Consumer Services',290,110.08),(641,7,823,'Public Utilities',112,395.49),(642,3,644,'n/a',981,463.26),(643,6,532,'Health Care',983,252.72),(644,2,169,'Finance',623,5.38),(645,10,815,'Consumer Services',921,246.89),(646,8,873,'Finance',493,241.38),(647,3,367,'Consumer Services',891,414.1),(648,5,518,'Consumer Non-Durables',828,1.33),(649,9,204,'Health Care',460,161.33),(650,1,44,'Consumer Services',650,125.6),(651,10,902,'Energy',180,280.49),(652,5,591,'Public Utilities',432,6.64),(653,9,367,'Health Care',781,472.98),(654,6,201,'Basic Industries',430,94.51),(655,4,829,'Energy',758,268.16),(656,6,83,'n/a',236,363.73),(657,2,297,'n/a',312,108.19),(658,3,993,'n/a',722,474.9),(659,10,335,'Technology',477,137.05),(660,5,562,'n/a',780,44.33),(661,8,322,'Technology',314,108.84),(662,4,806,'Consumer Services',311,419.41),(663,10,171,'Consumer Services',105,198.35),(664,10,213,'Technology',108,166.16),(665,5,703,'Technology',499,82.47),(666,2,325,'Capital Goods',374,486.48),(667,8,318,'n/a',409,89.28),(668,2,263,'Consumer Durables',557,231.51),(669,6,472,'Public Utilities',567,102.84),(670,2,826,'Technology',992,440.7),(671,10,444,'Consumer Non-Durables',812,388.56),(672,5,728,'Energy',332,416.76),(673,7,701,'Consumer Durables',774,272.41),(674,3,546,'Consumer Services',109,90.82),(675,7,319,'n/a',636,395.42),(676,6,414,'Energy',120,57.92),(677,4,246,'n/a',415,265.71),(678,2,501,'n/a',934,186.42),(679,10,601,'n/a',746,412.87),(680,6,657,'Consumer Services',453,114.28),(681,2,863,'Consumer Services',255,437.1),(682,8,738,'Health Care',500,20.42),(683,7,606,'Consumer Non-Durables',120,163.77),(684,7,799,'Capital Goods',334,445.12),(685,5,499,'n/a',771,349.43),(686,9,375,'Health Care',111,57.7),(687,4,109,'n/a',693,92.53),(688,1,496,'n/a',644,239.14),(689,10,631,'Basic Industries',625,243.27),(690,10,933,'Miscellaneous',893,261.07),(691,8,519,'Consumer Durables',656,295.32),(692,9,210,'Capital Goods',161,228.34),(693,4,444,'Consumer Non-Durables',243,4.03),(694,8,124,'Technology',244,335.2),(695,4,59,'Miscellaneous',124,295.29),(696,6,923,'n/a',421,54.03),(697,9,510,'Finance',878,334.17),(698,9,548,'Consumer Durables',708,325.81),(699,5,692,'Consumer Non-Durables',410,233.81),(700,3,721,'n/a',625,172.04),(701,2,600,'Finance',958,298.2),(702,9,223,'Basic Industries',222,80.06),(703,5,473,'n/a',305,243.84),(704,8,162,'Finance',207,286.5),(705,1,649,'Health Care',532,262.61),(706,3,23,'n/a',255,295.83),(707,9,996,'Technology',181,61.64),(708,6,800,'Consumer Durables',282,413.62),(709,10,906,'Finance',227,447.48),(710,1,335,'n/a',388,257.63),(711,10,957,'Health Care',764,396.08),(712,3,628,'Miscellaneous',794,156.48),(713,8,387,'Consumer Services',860,157.82),(714,9,994,'Health Care',691,16.4),(715,8,483,'Public Utilities',363,130.86),(716,7,120,'n/a',819,1.42),(717,5,152,'n/a',798,457.26),(718,9,19,'Finance',190,374.69),(719,7,646,'Health Care',835,309.43),(720,1,626,'Consumer Durables',914,85.03),(721,10,935,'n/a',562,339.09),(722,8,679,'Capital Goods',644,138.42),(723,6,255,'Capital Goods',142,30.35),(724,3,167,'Finance',717,68.32),(725,10,114,'n/a',141,130.86),(726,7,429,'n/a',401,481.53),(727,4,148,'Health Care',314,240.77),(728,3,894,'Capital Goods',388,81.42),(729,2,561,'Basic Industries',632,108.22),(730,10,363,'n/a',783,58.66),(731,7,478,'Finance',393,112.99),(732,1,167,'n/a',532,294.04),(733,4,546,'Health Care',559,306.7),(734,1,417,'Consumer Services',477,484.65),(735,3,595,'Public Utilities',309,377.33),(736,4,976,'Health Care',706,271.5),(737,10,373,'Consumer Durables',998,9.37),(738,10,783,'Health Care',974,116.73),(739,4,337,'Finance',793,129.59),(740,1,562,'Consumer Non-Durables',426,476.03),(741,2,872,'Energy',452,367.62),(742,3,979,'Basic Industries',875,437.12),(743,8,556,'n/a',101,236.28),(744,8,166,'n/a',580,23.9),(745,8,337,'Public Utilities',399,279.42),(746,7,662,'n/a',988,76.14),(747,4,633,'Technology',134,361.67),(748,3,359,'Energy',263,426.78),(749,6,606,'Technology',718,67.44),(750,6,642,'n/a',250,106.71),(751,3,862,'Technology',755,129.84),(752,9,694,'Consumer Services',682,256.76),(753,6,325,'Consumer Services',863,354.76),(754,4,267,'Basic Industries',744,115.28),(755,6,361,'Energy',980,77.61),(756,2,50,'Capital Goods',395,415.2),(757,7,760,'Technology',500,168.88),(758,1,5,'Miscellaneous',428,266.49),(759,2,445,'Finance',942,403.71),(760,9,982,'n/a',527,75.95),(761,3,659,'Health Care',734,330.5),(762,1,542,'Technology',224,48.47),(763,9,681,'Public Utilities',963,406.77),(764,2,567,'n/a',237,432.19),(765,9,727,'Consumer Durables',813,385.06),(766,10,102,'n/a',119,21.95),(767,2,709,'Health Care',787,447.43),(768,4,536,'Finance',479,138.75),(769,10,88,'n/a',933,392.13),(770,10,868,'Capital Goods',258,67.07),(771,2,353,'n/a',981,307.36),(772,3,483,'Public Utilities',783,212.84),(773,3,347,'Finance',221,21.09),(774,7,339,'Public Utilities',177,47.39),(775,3,786,'Technology',403,443.39),(776,9,399,'n/a',524,235.86),(777,7,389,'n/a',853,109.65),(778,5,887,'Consumer Services',700,285.77),(779,10,730,'Consumer Services',833,343.36),(780,5,551,'Consumer Services',401,333.39),(781,2,708,'Consumer Non-Durables',809,282.77),(782,10,358,'n/a',575,205.51),(783,3,790,'Consumer Services',384,443.34),(784,10,789,'n/a',120,491.29),(785,2,390,'Energy',305,379.24),(786,5,910,'Consumer Services',885,451.09),(787,2,469,'n/a',369,355.88),(788,7,803,'Consumer Non-Durables',802,498.27),(789,5,635,'Finance',761,498.51),(790,10,581,'Consumer Durables',988,236.85),(791,9,825,'n/a',360,252.24),(792,2,870,'Public Utilities',420,368.43),(793,8,575,'n/a',695,216.45),(794,4,701,'n/a',137,153.43),(795,9,924,'Consumer Services',568,153.04),(796,4,85,'Consumer Services',785,149.16),(797,3,742,'Public Utilities',770,128.56),(798,6,974,'Public Utilities',287,51.75),(799,2,245,'Finance',666,391.91),(800,3,562,'Basic Industries',236,401.16),(801,6,565,'Finance',724,40.75),(802,10,106,'n/a',704,36.65),(803,7,153,'Technology',520,178.94),(804,10,709,'Finance',351,351.44),(805,3,579,'Technology',535,106.84),(806,3,291,'Finance',624,459.61),(807,8,449,'Finance',751,243.45),(808,10,138,'Technology',657,268.52),(809,7,576,'n/a',129,399.65),(810,2,517,'Basic Industries',222,408.51),(811,5,100,'n/a',130,315.01),(812,4,53,'Basic Industries',499,64.99),(813,8,713,'Health Care',896,25.71),(814,10,328,'Consumer Services',210,235.79),(815,8,661,'Technology',772,403.17),(816,5,170,'Energy',125,296.49),(817,10,887,'n/a',259,218.19),(818,1,137,'Finance',201,157.45),(819,8,950,'Health Care',363,81.13),(820,6,710,'Public Utilities',253,191.79),(821,1,218,'Finance',183,355.96),(822,6,401,'Energy',876,367.06),(823,6,79,'Finance',919,77.47),(824,3,102,'n/a',825,432.61),(825,10,255,'n/a',135,56.29),(826,3,108,'Health Care',975,190.79),(827,6,474,'Health Care',168,330.02),(828,3,194,'Technology',579,295.59),(829,4,698,'Health Care',293,239.19),(830,5,246,'Technology',430,452.52),(831,9,425,'Consumer Non-Durables',752,411.83),(832,1,641,'Consumer Non-Durables',277,180.74),(833,9,819,'Capital Goods',210,86.91),(834,7,140,'n/a',195,36),(835,7,865,'Finance',925,342.93),(836,2,149,'Consumer Services',505,379.9),(837,9,441,'n/a',616,435.84),(838,9,130,'n/a',674,208.93),(839,8,395,'n/a',577,390.38),(840,9,761,'Technology',620,414.72),(841,7,210,'Health Care',716,261.38),(842,3,575,'Finance',360,227.12),(843,3,157,'Finance',246,358.18),(844,1,829,'Finance',609,219.82),(845,5,609,'Finance',169,294.13),(846,5,281,'Technology',600,330.5),(847,1,72,'Finance',709,403.66),(848,2,217,'Capital Goods',919,291.59),(849,9,412,'Technology',411,34.6),(850,10,235,'Basic Industries',249,374.61),(851,2,853,'Health Care',473,223.83),(852,3,56,'Finance',663,305.2),(853,10,1,'Technology',408,222.53),(854,1,219,'Health Care',351,243.16),(855,10,223,'Technology',433,67.82),(856,2,179,'Public Utilities',501,92.65),(857,8,519,'n/a',131,362.4),(858,1,322,'Basic Industries',103,192.62),(859,2,554,'Consumer Services',199,67.15),(860,5,470,'Consumer Services',143,207.83),(861,6,20,'Health Care',721,98.65),(862,2,478,'Technology',956,24.61),(863,9,69,'Consumer Services',195,310.24),(864,5,117,'Technology',227,203.24),(865,3,376,'Basic Industries',579,177.7),(866,6,590,'n/a',450,40.68),(867,6,521,'Finance',749,156.83),(868,4,538,'Consumer Services',247,420.24),(869,10,711,'n/a',900,311.96),(870,4,565,'Finance',905,191.25),(871,2,70,'n/a',915,305.78),(872,8,188,'Consumer Services',880,313.78),(873,2,463,'Energy',492,366.94),(874,7,62,'n/a',722,33.03),(875,2,223,'n/a',477,433.76),(876,3,138,'Technology',657,2.92),(877,4,382,'Energy',560,459.42),(878,7,521,'Basic Industries',364,76.41),(879,10,144,'Public Utilities',879,279.5),(880,4,766,'Basic Industries',765,456.23),(881,7,298,'n/a',325,141.57),(882,4,102,'Public Utilities',250,420.59),(883,10,521,'n/a',983,451.64),(884,3,627,'n/a',609,457.06),(885,3,304,'Transportation',399,243.73),(886,6,731,'Public Utilities',964,297.78),(887,10,321,'n/a',729,285.73),(888,3,982,'Technology',859,435.67),(889,8,192,'n/a',652,238.44),(890,7,177,'Consumer Services',884,498.89),(891,3,119,'Consumer Durables',717,410.48),(892,4,739,'Transportation',215,441.57),(893,6,662,'Consumer Non-Durables',104,98.03),(894,2,774,'Consumer Services',508,294.75),(895,2,132,'Public Utilities',306,492.58),(896,1,289,'Public Utilities',550,243.9),(897,5,34,'Capital Goods',942,210.86),(898,4,10,'Consumer Services',848,322.6),(899,7,20,'Consumer Non-Durables',771,472.82),(900,7,196,'Finance',379,11.46),(901,3,438,'Technology',421,114.95),(902,3,735,'Finance',464,207.04),(903,3,876,'Consumer Services',774,81.84),(904,5,540,'Basic Industries',890,485.32),(905,2,180,'n/a',228,191.24),(906,10,887,'Technology',190,156.44),(907,7,167,'Technology',376,366.31),(908,9,917,'Consumer Non-Durables',505,458.31),(909,9,836,'Energy',352,104.81),(910,7,235,'Finance',632,420.98),(911,7,34,'Health Care',965,372.95),(912,10,323,'n/a',828,413.67),(913,10,943,'n/a',478,337.24),(914,2,260,'Health Care',335,303.07),(915,3,168,'Technology',455,355.75),(916,10,991,'Energy',800,41.24),(917,8,331,'Energy',758,170.37),(918,5,249,'Consumer Services',572,322.98),(919,6,393,'Capital Goods',739,390.47),(920,9,93,'Consumer Services',633,457.86),(921,4,106,'Finance',713,322.93),(922,3,183,'Consumer Non-Durables',864,391.71),(923,3,769,'n/a',568,216.78),(924,7,790,'Consumer Durables',466,208.72),(925,5,170,'n/a',191,475.07),(926,1,11,'Health Care',746,128.07),(927,2,448,'Health Care',347,183.42),(928,9,411,'Technology',739,286.98),(929,5,899,'Health Care',436,295.67),(930,2,465,'n/a',729,474.26),(931,6,613,'n/a',403,420.41),(932,2,225,'Finance',519,238.45),(933,10,303,'Finance',862,220.19),(934,2,682,'Health Care',897,288.11),(935,3,785,'Finance',453,474.28),(936,6,527,'Consumer Durables',824,340.29),(937,3,914,'Basic Industries',641,464.18),(938,1,271,'n/a',782,97.69),(939,5,243,'Finance',717,154.1),(940,1,123,'Finance',393,282.06),(941,3,740,'n/a',753,72.43),(942,9,410,'Consumer Services',216,82.93),(943,9,666,'Consumer Services',917,11.78),(944,5,89,'Consumer Durables',269,278.64),(945,6,722,'n/a',767,489.43),(946,3,479,'Consumer Services',655,449.08),(947,4,479,'Consumer Services',635,318.58),(948,10,864,'Technology',707,423.14),(949,1,645,'Transportation',772,374.49),(950,6,441,'Finance',757,63.86),(951,4,860,'Capital Goods',975,221.51),(952,10,754,'Finance',989,288.38),(953,10,858,'n/a',974,497.1),(954,10,35,'Consumer Durables',830,216.6),(955,2,56,'n/a',632,486.31),(956,4,793,'n/a',831,491.49),(957,6,330,'Energy',553,41.56),(958,8,562,'Finance',825,214.06),(959,4,12,'Consumer Services',319,172.26),(960,3,990,'Finance',203,289.57),(961,1,251,'Health Care',356,55.37),(962,1,470,'n/a',650,435.48),(963,7,34,'Consumer Services',588,271.09),(964,7,256,'Capital Goods',314,301.87),(965,3,639,'Technology',250,456.5),(966,10,541,'Technology',402,358.05),(967,2,531,'Capital Goods',813,164.44),(968,3,876,'Consumer Non-Durables',126,6.9),(969,9,494,'Consumer Services',393,404.31),(970,2,883,'Basic Industries',937,412.68),(971,2,91,'Consumer Non-Durables',471,296.87),(972,8,414,'Technology',241,452.11),(973,9,490,'n/a',511,187.22),(974,10,506,'n/a',830,134.68),(975,4,17,'Consumer Services',976,346.46),(976,4,254,'Finance',883,272.85),(977,10,497,'Health Care',432,149.45),(978,10,67,'Finance',903,88.36),(979,3,252,'Health Care',727,121.97),(980,2,731,'Capital Goods',658,450.46),(981,4,233,'Consumer Durables',377,39.91),(982,9,549,'n/a',825,82.75),(983,1,676,'Consumer Non-Durables',209,302.02),(984,10,724,'n/a',908,486.27),(985,8,17,'Basic Industries',732,154.77),(986,7,803,'n/a',632,31.61),(987,3,840,'Health Care',410,36.53),(988,10,178,'Consumer Non-Durables',395,308.45),(989,1,682,'Miscellaneous',723,108.17),(990,8,302,'Health Care',858,28.39),(991,9,977,'n/a',98,238.69),(992,1,782,'Consumer Non-Durables',708,5.54),(993,10,78,'n/a',168,54.16),(994,2,623,'Miscellaneous',354,244.19),(995,5,765,'Consumer Services',506,72.12),(996,6,706,'Consumer Services',828,52.2),(997,5,620,'Consumer Non-Durables',228,489.71),(998,10,536,'Finance',393,438.64),(999,2,477,'Finance',989,466.93),(1000,1,286,'Finance',785,123.04);
/*!40000 ALTER TABLE `product` ENABLE KEYS */;
UNLOCK TABLES;

--
-- Table structure for table `product_information`
--

DROP TABLE IF EXISTS `product_information`;
/*!40101 SET @saved_cs_client     = @@character_set_client */;
/*!40101 SET character_set_client = utf8 */;
CREATE TABLE `product_information` (
  `product_information_id` int(11) NOT NULL AUTO_INCREMENT,
  `brand_id` int(11) NOT NULL,
  `upc` varchar(20) NOT NULL,
  `rpc` varchar(200) NOT NULL,
  `product_name` varchar(200) NOT NULL,
  `product_description` text NOT NULL,
  PRIMARY KEY (`product_information_id`),
  KEY `brands_fk` (`brand_id`),
  CONSTRAINT `brands_fk` FOREIGN KEY (`brand_id`) REFERENCES `brands` (`brand_id`)
) ENGINE=InnoDB AUTO_INCREMENT=1001 DEFAULT CHARSET=utf8;
/*!40101 SET character_set_client = @saved_cs_client */;

--
-- Dumping data for table `product_information`
--

LOCK TABLES `product_information` WRITE;
/*!40000 ALTER TABLE `product_information` DISABLE KEYS */;
INSERT INTO `product_information` VALUES (1,13,'504952362-1','096734181-7','Shoes','Yellow'),(2,8,'117608018-0','679112022-3','Tools','Aquamarine'),(3,2,'016588998-5','820637932-0','Books','Khaki'),(4,12,'697685517-3','335102092-9','Baby','Purple'),(5,1,'256311645-7','486092963-2','Electronics','Green'),(6,10,'712014658-0','880932501-X','Books','Violet'),(7,5,'052878739-X','622460894-6','Beauty','Mauv'),(8,14,'107380178-0','674888255-9','Jewelery','Aquamarine'),(9,5,'914273137-2','139431917-7','Health','Violet'),(10,6,'546214956-5','410183740-6','Shoes','Blue'),(11,11,'775171020-9','622975643-9','Music','Puce'),(12,14,'755977017-7','022282225-2','Baby','Fuscia'),(13,12,'085785937-4','584600593-4','Movies','Teal'),(14,7,'420192853-5','637144946-X','Games','Fuscia'),(15,11,'888944566-1','196646598-X','Shoes','Teal'),(16,5,'732791577-X','625107205-9','Shoes','Turquoise'),(17,7,'142209916-4','737491235-8','Music','Goldenrod'),(18,7,'172311854-0','694967112-1','Sports','Yellow'),(19,10,'058194559-X','732216785-6','Grocery','Pink'),(20,2,'430978881-5','028921631-1','Shoes','Mauv'),(21,10,'393568487-8','476761496-1','Beauty','Goldenrod'),(22,14,'903643303-7','275380651-9','Home','Aquamarine'),(23,4,'389410289-6','953267862-X','Clothing','Green'),(24,6,'109853518-9','467255481-3','Music','Aquamarine'),(25,14,'411907602-4','175497269-1','Tools','Yellow'),(26,8,'012133463-5','547343481-9','Kids','Orange'),(27,12,'062974384-3','034443138-X','Sports','Violet'),(28,11,'003445247-8','613398079-6','Sports','Purple'),(29,3,'737754788-X','887508207-3','Industrial','Khaki'),(30,9,'951985346-4','498942840-4','Industrial','Purple'),(31,8,'251050792-3','943789845-6','Clothing','Maroon'),(32,10,'715509350-5','301140283-3','Books','Crimson'),(33,3,'624510438-6','812199406-3','Home','Green'),(34,13,'582491032-4','410372517-6','Home','Blue'),(35,2,'164475884-9','785007859-4','Toys','Green'),(36,9,'077590848-7','758020070-8','Outdoors','Mauv'),(37,13,'316833836-2','198669299-X','Electronics','Red'),(38,7,'701838926-7','458756829-5','Beauty','Violet'),(39,5,'438751526-0','977361134-5','Toys','Fuscia'),(40,4,'979793358-X','718364695-5','Games','Green'),(41,12,'729052845-X','864672999-0','Computers','Blue'),(42,5,'039984588-7','085516785-8','Garden','Goldenrod'),(43,13,'859182978-6','456650563-4','Toys','Mauv'),(44,3,'952559711-3','879363870-1','Toys','Crimson'),(45,8,'873619041-1','594021981-0','Shoes','Khaki'),(46,14,'771882672-4','092263534-X','Games','Mauv'),(47,13,'547274262-5','377859985-2','Books','Red'),(48,4,'472645643-1','747850258-X','Toys','Khaki'),(49,3,'613750945-1','087267311-1','Home','Red'),(50,9,'912259014-5','307056772-X','Kids','Yellow'),(51,5,'930376733-0','785926877-9','Home','Aquamarine'),(52,11,'429933470-1','764109351-5','Beauty','Mauv'),(53,11,'402905338-6','024715662-0','Electronics','Crimson'),(54,7,'353435958-5','746165469-1','Garden','Indigo'),(55,12,'439307687-7','856799779-8','Baby','Green'),(56,5,'749490931-1','646070620-4','Movies','Orange'),(57,3,'548274325-X','309709592-6','Automotive','Turquoise'),(58,12,'574561912-0','923882408-8','Electronics','Purple'),(59,14,'912530591-3','819280955-2','Baby','Aquamarine'),(60,12,'800836086-0','731927183-4','Outdoors','Aquamarine'),(61,4,'505630682-7','424679755-3','Baby','Goldenrod'),(62,4,'231443037-9','630735633-2','Kids','Goldenrod'),(63,14,'453021671-3','985661564-X','Health','Yellow'),(64,8,'251035629-1','998301834-9','Books','Fuscia'),(65,3,'817795082-7','088735307-X','Beauty','Indigo'),(66,13,'845896121-0','146546010-1','Grocery','Fuscia'),(67,10,'400351303-7','151803044-0','Sports','Mauv'),(68,1,'770930800-7','955960340-X','Grocery','Maroon'),(69,5,'935129908-2','683613739-1','Beauty','Orange'),(70,7,'322479432-1','858464880-1','Toys','Puce'),(71,14,'654613251-6','386912802-X','Jewelery','Fuscia'),(72,12,'565590408-X','320877720-5','Beauty','Aquamarine'),(73,8,'049829769-1','659769351-5','Toys','Indigo'),(74,10,'802886748-0','484367086-3','Music','Khaki'),(75,5,'163138950-5','456647633-2','Baby','Mauv'),(76,9,'436651977-1','256276378-5','Outdoors','Puce'),(77,4,'535010474-8','212223165-3','Garden','Aquamarine'),(78,10,'823981402-6','098749088-5','Music','Orange'),(79,8,'857123472-8','571838120-8','Health','Puce'),(80,10,'815564430-8','023200710-1','Games','Aquamarine'),(81,9,'222766335-9','620030748-2','Toys','Blue'),(82,9,'456931615-8','334287517-8','Toys','Khaki'),(83,8,'458747249-2','693667078-4','Baby','Fuscia'),(84,11,'278562306-1','285688250-1','Beauty','Blue'),(85,1,'601379607-6','880722464-X','Baby','Teal'),(86,4,'921366792-2','763593101-6','Tools','Green'),(87,14,'721189609-4','191205982-7','Music','Puce'),(88,14,'686338038-2','446201563-0','Electronics','Goldenrod'),(89,4,'613376774-X','131854658-3','Automotive','Khaki'),(90,12,'579432494-5','545241100-3','Grocery','Khaki'),(91,11,'537020923-5','451864477-8','Toys','Crimson'),(92,3,'014731725-8','203834241-5','Kids','Khaki'),(93,2,'080289773-8','388648690-7','Music','Teal'),(94,10,'103296100-7','236016495-3','Clothing','Blue'),(95,6,'059840576-3','997667887-8','Baby','Fuscia'),(96,13,'402950275-X','909932744-7','Jewelery','Blue'),(97,1,'884593309-1','668304828-2','Baby','Pink'),(98,4,'207010941-0','125047910-X','Movies','Mauv'),(99,2,'979042365-9','712994743-8','Home','Khaki'),(100,1,'304855050-X','459446947-7','Electronics','Indigo'),(101,10,'985613509-5','382693169-6','Home','Blue'),(102,7,'804378753-0','734216293-0','Games','Mauv'),(103,8,'254138243-X','355630562-3','Computers','Indigo'),(104,13,'455360196-6','962894378-2','Shoes','Khaki'),(105,1,'171870636-7','956698404-9','Electronics','Aquamarine'),(106,12,'277137104-9','053605103-8','Clothing','Yellow'),(107,8,'877921595-5','831932302-9','Movies','Goldenrod'),(108,6,'321190589-8','345075634-6','Baby','Puce'),(109,6,'609001182-7','090096919-9','Movies','Indigo'),(110,12,'704961092-5','788185917-2','Games','Blue'),(111,5,'826738164-3','778795464-7','Automotive','Crimson'),(112,13,'522928475-7','946042955-6','Tools','Crimson'),(113,9,'193194055-X','715918199-9','Shoes','Green'),(114,4,'983116118-1','113890672-7','Garden','Maroon'),(115,14,'529650657-X','346431843-5','Books','Crimson'),(116,2,'779934716-3','022385281-3','Movies','Pink'),(117,13,'246000370-6','814562362-6','Music','Violet'),(118,1,'435387076-9','624006748-2','Movies','Crimson'),(119,5,'295977712-3','399176773-2','Clothing','Puce'),(120,13,'109928394-9','777010884-5','Jewelery','Goldenrod'),(121,10,'397020657-X','494557993-8','Health','Indigo'),(122,3,'144490792-1','520081931-8','Sports','Green'),(123,2,'643370402-6','416977829-4','Clothing','Maroon'),(124,6,'638347906-7','902747267-X','Home','Red'),(125,11,'293235093-5','400185857-6','Kids','Violet'),(126,12,'356865118-1','057353973-1','Computers','Violet'),(127,5,'832044384-9','352837227-3','Computers','Green'),(128,2,'723735318-7','492673490-7','Electronics','Blue'),(129,14,'060380275-3','950900810-9','Movies','Orange'),(130,8,'666947036-3','067918140-7','Outdoors','Indigo'),(131,6,'298177343-7','427829839-0','Grocery','Mauv'),(132,1,'224404506-4','152001125-3','Games','Aquamarine'),(133,6,'289873335-0','098601746-9','Movies','Teal'),(134,12,'459997930-9','222922711-4','Electronics','Yellow'),(135,13,'379286217-4','466903823-0','Baby','Crimson'),(136,5,'412695619-0','167528546-2','Garden','Red'),(137,10,'675657531-7','192642389-5','Kids','Orange'),(138,9,'217325697-1','770081571-2','Automotive','Green'),(139,9,'641759699-0','281079647-5','Computers','Turquoise'),(140,13,'047412735-4','359863065-4','Baby','Fuscia'),(141,14,'525734249-9','162069318-6','Grocery','Yellow'),(142,7,'982377781-0','093274513-X','Tools','Violet'),(143,2,'169491778-9','083343419-5','Computers','Indigo'),(144,1,'645125705-2','224335477-2','Grocery','Yellow'),(145,5,'958294346-7','538123987-4','Movies','Aquamarine'),(146,7,'414955737-3','494000346-9','Baby','Mauv'),(147,1,'425318571-1','863026439-X','Movies','Aquamarine'),(148,13,'685765545-6','801101035-2','Movies','Violet'),(149,9,'875350229-9','825549981-4','Toys','Turquoise'),(150,14,'331520425-X','681886929-7','Shoes','Goldenrod'),(151,7,'587557630-8','458717343-6','Automotive','Khaki'),(152,2,'233289224-9','293397864-4','Music','Green'),(153,8,'526609028-6','453873439-X','Books','Aquamarine'),(154,7,'278424837-2','830841211-4','Grocery','Fuscia'),(155,2,'138532423-6','872037606-5','Health','Maroon'),(156,14,'984694590-6','165834513-4','Electronics','Blue'),(157,9,'566121891-5','701434392-0','Computers','Violet'),(158,10,'343077463-2','644821656-1','Toys','Purple'),(159,11,'493021428-9','873806164-3','Baby','Mauv'),(160,4,'772641761-7','009459458-9','Sports','Indigo'),(161,12,'024125841-3','486930455-4','Computers','Aquamarine'),(162,13,'422423465-3','055559397-5','Books','Pink'),(163,13,'979150434-2','084321654-9','Grocery','Yellow'),(164,13,'457010097-X','089258863-2','Grocery','Yellow'),(165,11,'839518086-1','146061357-0','Garden','Fuscia'),(166,1,'438812857-0','322543032-3','Baby','Blue'),(167,3,'200309689-2','312309671-8','Industrial','Purple'),(168,10,'099064393-X','713292719-1','Jewelery','Red'),(169,14,'084438089-X','250259654-8','Grocery','Indigo'),(170,14,'395118269-5','423236647-4','Computers','Indigo'),(171,10,'277283827-7','269096891-6','Electronics','Turquoise'),(172,2,'735397538-5','087499695-3','Electronics','Yellow'),(173,14,'903941572-2','606359414-0','Grocery','Aquamarine'),(174,2,'055626564-5','938406257-X','Toys','Yellow'),(175,6,'569016126-8','024592676-3','Sports','Khaki'),(176,2,'345691285-4','904854129-8','Music','Purple'),(177,1,'875121788-0','156647137-0','Sports','Mauv'),(178,5,'403680167-8','892834083-7','Shoes','Fuscia'),(179,13,'802867014-8','069172655-8','Movies','Pink'),(180,3,'151242633-4','915379941-0','Garden','Orange'),(181,5,'354755733-X','310625889-6','Clothing','Blue'),(182,5,'430281578-7','458750837-3','Jewelery','Purple'),(183,3,'160345993-6','252574716-X','Industrial','Yellow'),(184,14,'869933495-8','544096207-7','Books','Indigo'),(185,10,'929396594-1','481427614-1','Home','Aquamarine'),(186,1,'428513318-0','491400982-X','Garden','Violet'),(187,3,'532579642-9','713723075-X','Shoes','Green'),(188,5,'883233691-X','848840871-4','Clothing','Indigo'),(189,4,'089774290-7','756425600-1','Electronics','Blue'),(190,9,'361723048-2','036987982-1','Tools','Orange'),(191,12,'877763883-2','132987611-3','Computers','Indigo'),(192,5,'888004596-2','988978615-X','Outdoors','Pink'),(193,14,'789000891-0','517825337-X','Toys','Green'),(194,2,'974413824-6','514082218-0','Kids','Blue'),(195,5,'708701534-6','778121511-7','Sports','Purple'),(196,14,'855888548-6','649733097-6','Home','Teal'),(197,2,'786933164-3','777048097-3','Music','Pink'),(198,11,'383472363-0','857129310-4','Movies','Goldenrod'),(199,12,'265167860-0','176968838-2','Outdoors','Green'),(200,1,'831981262-3','081768678-9','Home','Green'),(201,4,'482014999-7','533334817-0','Movies','Fuscia'),(202,4,'956372152-7','115084799-9','Movies','Crimson'),(203,8,'130622926-X','945894136-9','Movies','Violet'),(204,13,'051993634-5','961595179-X','Automotive','Maroon'),(205,9,'028909019-9','379065606-2','Industrial','Teal'),(206,13,'378135904-2','490305211-7','Music','Orange'),(207,12,'503679414-1','456625134-9','Outdoors','Mauv'),(208,12,'222317229-6','293001021-5','Movies','Aquamarine'),(209,7,'449083068-8','233595684-1','Beauty','Indigo'),(210,14,'702671557-7','484154733-9','Shoes','Aquamarine'),(211,2,'921197943-9','779323017-5','Home','Mauv'),(212,2,'106062863-5','060819152-3','Jewelery','Turquoise'),(213,13,'023010720-6','073684818-5','Jewelery','Indigo'),(214,1,'194696008-X','872537157-6','Tools','Maroon'),(215,1,'080192931-8','974064588-7','Shoes','Pink'),(216,7,'770776166-9','458296323-4','Health','Crimson'),(217,11,'145719900-9','569764218-0','Health','Puce'),(218,5,'870209378-2','801194238-7','Sports','Goldenrod'),(219,6,'340804745-6','322548897-6','Computers','Khaki'),(220,13,'791270211-3','551166812-5','Books','Puce'),(221,3,'267753170-4','302446283-X','Baby','Teal'),(222,11,'472451946-0','638552563-5','Shoes','Indigo'),(223,1,'694873330-1','641837334-0','Sports','Mauv'),(224,13,'035894881-9','159731964-3','Music','Red'),(225,1,'098205509-9','025857064-4','Home','Aquamarine'),(226,9,'295115112-8','422262666-X','Clothing','Violet'),(227,9,'996063191-5','402354695-X','Computers','Khaki'),(228,3,'224913528-2','382712021-7','Sports','Red'),(229,11,'967214597-7','738975210-6','Beauty','Blue'),(230,2,'029503819-5','702801163-1','Industrial','Orange'),(231,4,'891647490-6','673527653-1','Baby','Fuscia'),(232,11,'426963319-0','146240678-5','Books','Purple'),(233,11,'808221657-3','125157539-0','Industrial','Mauv'),(234,7,'965137582-5','082752329-7','Toys','Pink'),(235,4,'193394229-0','034268566-X','Garden','Blue'),(236,6,'088429029-8','258508911-8','Automotive','Puce'),(237,10,'813204807-5','436455851-6','Computers','Fuscia'),(238,3,'319481191-6','203610136-4','Garden','Khaki'),(239,10,'054445849-4','858829512-1','Tools','Indigo'),(240,2,'411545478-4','457784880-5','Beauty','Red'),(241,10,'717960714-2','095060263-9','Industrial','Teal'),(242,2,'046315532-7','641356154-8','Outdoors','Turquoise'),(243,12,'892398986-X','316043120-7','Beauty','Maroon'),(244,4,'172651787-X','081916978-1','Kids','Blue'),(245,12,'709192337-5','047137161-0','Sports','Fuscia'),(246,9,'158962532-3','898473387-3','Garden','Red'),(247,6,'235040986-4','462515718-8','Electronics','Aquamarine'),(248,2,'544076537-9','239125882-8','Garden','Green'),(249,7,'055410160-2','124043939-3','Movies','Orange'),(250,2,'910302121-1','152102285-2','Baby','Crimson'),(251,7,'349066060-9','766325090-7','Kids','Blue'),(252,3,'205946536-2','443806603-4','Outdoors','Indigo'),(253,5,'551553468-9','350159185-3','Games','Mauv'),(254,10,'498086908-4','849506422-7','Music','Aquamarine'),(255,8,'762259688-4','435628504-2','Tools','Mauv'),(256,13,'399874238-7','655543249-7','Grocery','Mauv'),(257,8,'250109258-9','507851263-2','Health','Teal'),(258,5,'442768175-1','039699111-4','Outdoors','Turquoise'),(259,14,'128461502-2','424504159-5','Electronics','Turquoise'),(260,3,'397955369-8','576023537-0','Shoes','Teal'),(261,10,'533635612-3','915136438-7','Computers','Blue'),(262,13,'200650644-7','988041481-0','Beauty','Fuscia'),(263,6,'684721876-2','490377517-8','Shoes','Crimson'),(264,11,'979789478-9','385313877-2','Toys','Turquoise'),(265,8,'965077950-7','775536260-4','Industrial','Puce'),(266,11,'559792227-0','211829209-0','Garden','Yellow'),(267,12,'596101255-7','292921904-1','Home','Red'),(268,9,'000368034-7','391210788-2','Movies','Puce'),(269,7,'798101293-7','204867141-1','Automotive','Purple'),(270,11,'453783504-4','395152355-7','Outdoors','Mauv'),(271,7,'306024356-5','769892618-4','Grocery','Fuscia'),(272,7,'662839970-2','558700442-2','Industrial','Red'),(273,6,'317317851-3','364213379-7','Shoes','Khaki'),(274,5,'551997917-0','874265145-X','Movies','Crimson'),(275,10,'171029332-2','800922404-9','Shoes','Turquoise'),(276,10,'660084906-1','673597813-7','Tools','Fuscia'),(277,14,'981537417-6','509687317-X','Automotive','Khaki'),(278,8,'083939691-0','743351769-3','Games','Khaki'),(279,13,'524524602-3','936225744-0','Sports','Turquoise'),(280,14,'827916980-6','314405644-8','Movies','Turquoise'),(281,12,'118514247-9','766496395-8','Computers','Fuscia'),(282,4,'488732200-3','817901780-X','Tools','Blue'),(283,9,'398783064-6','038930190-6','Shoes','Red'),(284,4,'667839695-2','288803445-X','Clothing','Maroon'),(285,14,'983480509-8','313522589-5','Electronics','Purple'),(286,12,'683331650-3','876052999-7','Health','Crimson'),(287,5,'987919698-8','995984298-3','Jewelery','Mauv'),(288,8,'066108854-5','441094558-0','Industrial','Blue'),(289,14,'922031701-X','396137520-8','Outdoors','Maroon'),(290,14,'647707307-2','504517134-8','Shoes','Indigo'),(291,6,'395059590-2','438448453-4','Home','Blue'),(292,3,'898634572-2','798957902-2','Industrial','Puce'),(293,14,'115755411-3','975974306-X','Jewelery','Crimson'),(294,7,'275950391-7','566589281-5','Electronics','Crimson'),(295,9,'049962603-6','732375229-9','Home','Turquoise'),(296,13,'749929807-8','337503721-X','Books','Maroon'),(297,3,'499824646-1','489306034-1','Grocery','Goldenrod'),(298,11,'861600171-9','139486341-1','Movies','Puce'),(299,10,'150253796-6','678782045-3','Tools','Blue'),(300,10,'231948890-1','348131275-X','Beauty','Pink'),(301,3,'954496500-9','036667996-1','Baby','Orange'),(302,3,'835606986-6','916833838-4','Baby','Yellow'),(303,2,'446593291-X','985829196-5','Jewelery','Red'),(304,13,'208557936-1','113853431-5','Music','Teal'),(305,8,'839302526-5','518351931-5','Movies','Orange'),(306,5,'937297954-6','813511823-6','Games','Orange'),(307,1,'766256670-6','229842509-4','Books','Indigo'),(308,14,'980386977-9','968893039-3','Home','Goldenrod'),(309,10,'531989385-X','036879909-3','Kids','Crimson'),(310,14,'131056458-2','255106948-3','Tools','Aquamarine'),(311,8,'206802326-1','449098159-7','Kids','Violet'),(312,10,'335623142-1','305829606-1','Electronics','Maroon'),(313,12,'378986946-5','415030898-5','Movies','Khaki'),(314,1,'642366264-9','214801970-8','Tools','Fuscia'),(315,5,'943898994-3','553060612-1','Electronics','Aquamarine'),(316,14,'036443417-1','437968463-6','Clothing','Turquoise'),(317,10,'394877487-0','167490398-7','Sports','Teal'),(318,1,'545027983-3','141729210-5','Kids','Indigo'),(319,9,'536055566-1','938822439-6','Music','Blue'),(320,1,'101310161-8','419133003-9','Home','Goldenrod'),(321,7,'923430832-8','832350565-9','Music','Fuscia'),(322,11,'561168678-8','220401380-3','Sports','Turquoise'),(323,13,'211330631-X','136413651-1','Clothing','Violet'),(324,9,'345233120-2','208418642-0','Computers','Crimson'),(325,6,'847294604-5','438020482-0','Sports','Turquoise'),(326,11,'266031552-3','253644801-0','Toys','Green'),(327,2,'884492014-X','223285259-8','Electronics','Maroon'),(328,12,'222790173-X','891046194-2','Sports','Turquoise'),(329,4,'846223790-4','752197439-5','Books','Turquoise'),(330,2,'948427288-6','719641688-0','Tools','Turquoise'),(331,13,'363359937-1','197704353-4','Electronics','Fuscia'),(332,1,'561754255-9','732781231-8','Sports','Red'),(333,3,'155836813-2','600136976-3','Industrial','Red'),(334,7,'295118704-1','911504532-3','Games','Red'),(335,10,'211951333-3','502207516-4','Toys','Maroon'),(336,8,'483234156-1','174023099-X','Home','Maroon'),(337,13,'012526919-6','299726690-4','Jewelery','Aquamarine'),(338,11,'965061385-4','466102444-3','Books','Aquamarine'),(339,5,'530007071-8','424006926-2','Kids','Red'),(340,2,'885189927-4','655579797-5','Books','Purple'),(341,5,'878867164-X','515744411-7','Shoes','Violet'),(342,2,'971795647-2','074502544-7','Movies','Khaki'),(343,6,'121900236-4','331373099-X','Sports','Mauv'),(344,14,'693076965-7','832249761-X','Garden','Goldenrod'),(345,8,'776619063-X','170125252-X','Clothing','Yellow'),(346,11,'271866289-1','270041267-2','Books','Yellow'),(347,6,'125228848-4','342250040-5','Health','Goldenrod'),(348,10,'812525036-0','234320126-9','Beauty','Fuscia'),(349,4,'606785834-7','208967416-4','Automotive','Violet'),(350,8,'734801876-9','257195404-0','Shoes','Teal'),(351,12,'228100594-1','660259055-3','Shoes','Crimson'),(352,14,'901265868-3','259219410-X','Computers','Violet'),(353,12,'971064567-6','474593901-9','Sports','Fuscia'),(354,8,'048259523-X','066083782-X','Computers','Puce'),(355,6,'625633934-7','806020900-0','Health','Green'),(356,14,'628057494-6','516255875-3','Clothing','Fuscia'),(357,4,'176358420-8','053854189-X','Tools','Indigo'),(358,5,'821526212-0','868757155-0','Computers','Mauv'),(359,12,'337191936-6','041743944-X','Industrial','Green'),(360,6,'964872274-9','966191954-2','Outdoors','Mauv'),(361,6,'873726857-0','666048997-5','Home','Mauv'),(362,13,'111539414-2','800300233-8','Shoes','Teal'),(363,12,'076263822-2','259795223-1','Sports','Indigo'),(364,14,'077076873-3','732567412-0','Games','Yellow'),(365,12,'721760481-8','050011912-0','Garden','Blue'),(366,5,'484492905-4','008491576-5','Baby','Mauv'),(367,6,'824104521-2','620046728-5','Sports','Pink'),(368,14,'979569653-X','791914847-2','Jewelery','Goldenrod'),(369,2,'966031005-6','822027917-6','Industrial','Red'),(370,9,'658971478-9','160054056-2','Garden','Fuscia'),(371,3,'228963359-3','300050762-0','Computers','Purple'),(372,5,'680978792-5','532578315-7','Baby','Indigo'),(373,5,'921926232-0','427684496-7','Grocery','Red'),(374,11,'329089513-0','513188907-3','Grocery','Yellow'),(375,8,'690396855-5','359961933-6','Games','Crimson'),(376,11,'804423266-4','155021167-6','Grocery','Mauv'),(377,3,'449971052-9','450006010-3','Electronics','Orange'),(378,4,'648001332-8','725695513-8','Baby','Goldenrod'),(379,2,'593774866-2','255629729-8','Baby','Blue'),(380,12,'124224196-5','428702630-6','Jewelery','Yellow'),(381,5,'494018205-3','625571613-9','Toys','Green'),(382,14,'063818970-5','538713148-X','Beauty','Crimson'),(383,5,'172829768-0','508163224-4','Clothing','Indigo'),(384,13,'069219673-0','454890315-1','Books','Indigo'),(385,14,'394192986-0','151158678-8','Sports','Mauv'),(386,1,'131760880-1','250013015-0','Home','Yellow'),(387,3,'413362718-0','142315272-7','Sports','Khaki'),(388,6,'537946281-2','656153326-7','Movies','Khaki'),(389,7,'519436449-0','763856099-X','Sports','Violet'),(390,8,'692105019-X','084794346-1','Automotive','Aquamarine'),(391,1,'083411013-X','015114709-4','Electronics','Orange'),(392,1,'249442871-8','751155284-6','Books','Teal'),(393,1,'395532104-5','526545001-7','Beauty','Puce'),(394,13,'255504767-0','158673024-X','Jewelery','Mauv'),(395,11,'681418190-8','647750798-6','Sports','Violet'),(396,10,'301057833-4','985202943-6','Electronics','Crimson'),(397,12,'927982920-3','019273111-4','Kids','Green'),(398,9,'960016406-1','670545277-3','Home','Turquoise'),(399,4,'235752198-8','115353690-0','Books','Puce'),(400,6,'370684306-4','556983111-8','Sports','Fuscia'),(401,5,'156407081-6','643375801-0','Toys','Pink'),(402,5,'870777739-6','030138230-1','Games','Turquoise'),(403,1,'059975478-8','104779994-4','Garden','Mauv'),(404,12,'115861020-3','049263839-X','Beauty','Pink'),(405,8,'981012598-4','788604552-1','Automotive','Indigo'),(406,5,'955273391-X','664412911-0','Beauty','Turquoise'),(407,9,'112925784-3','906823086-7','Industrial','Puce'),(408,7,'700534445-6','833763794-3','Sports','Green'),(409,4,'295038765-9','857229750-2','Industrial','Khaki'),(410,4,'738411306-7','796560160-5','Automotive','Turquoise'),(411,5,'038329566-1','496882554-4','Electronics','Violet'),(412,8,'922071231-8','630814184-4','Electronics','Puce'),(413,5,'493854903-4','012037072-7','Tools','Teal'),(414,11,'892335205-5','952558780-0','Clothing','Puce'),(415,14,'070061437-0','469312135-5','Outdoors','Maroon'),(416,4,'321226588-4','093770445-8','Music','Fuscia'),(417,12,'976639799-6','479687962-5','Kids','Goldenrod'),(418,7,'500866983-4','527709413-X','Home','Goldenrod'),(419,12,'828277295-X','920232601-0','Sports','Aquamarine'),(420,10,'310514057-3','334399641-6','Computers','Fuscia'),(421,6,'733701823-1','984204777-6','Movies','Fuscia'),(422,13,'171252969-2','564777184-X','Tools','Indigo'),(423,11,'872965442-4','735364634-9','Kids','Puce'),(424,4,'058384045-0','473554038-5','Clothing','Fuscia'),(425,9,'605818785-0','429751891-0','Tools','Red'),(426,5,'311974441-7','739566888-X','Kids','Teal'),(427,1,'447714836-4','249824011-X','Sports','Fuscia'),(428,11,'424612381-1','400855558-7','Beauty','Fuscia'),(429,1,'541512369-5','136016073-6','Computers','Yellow'),(430,1,'014405707-7','216418074-7','Music','Orange'),(431,12,'807776321-9','413918801-4','Sports','Green'),(432,11,'979066063-4','096306426-6','Garden','Mauv'),(433,12,'068078467-5','541867604-0','Outdoors','Blue'),(434,3,'358880146-4','372208125-4','Jewelery','Pink'),(435,12,'800337715-3','031121291-3','Jewelery','Orange'),(436,10,'429657805-7','651756342-3','Toys','Red'),(437,9,'506104261-1','179158269-9','Sports','Khaki'),(438,4,'569723670-0','533564975-5','Garden','Teal'),(439,3,'008902255-6','091876087-9','Kids','Mauv'),(440,9,'032365655-2','547314557-4','Games','Red'),(441,10,'059615698-7','244681703-3','Movies','Goldenrod'),(442,12,'197252139-X','989899630-7','Sports','Red'),(443,13,'377661045-X','431512255-6','Baby','Aquamarine'),(444,10,'577815641-3','074043002-5','Outdoors','Goldenrod'),(445,2,'962750242-1','521567751-4','Automotive','Red'),(446,6,'994979779-9','616403617-8','Garden','Turquoise'),(447,14,'979955184-6','605997672-7','Automotive','Orange'),(448,8,'915182593-7','603240922-8','Automotive','Goldenrod'),(449,4,'849029965-X','009150589-5','Jewelery','Aquamarine'),(450,10,'786827517-0','373729310-4','Beauty','Blue'),(451,2,'109277810-1','730592276-5','Books','Goldenrod'),(452,6,'318018505-8','857421047-1','Jewelery','Blue'),(453,7,'132072316-0','816989421-2','Outdoors','Yellow'),(454,11,'626240624-7','202879330-9','Books','Fuscia'),(455,7,'817850408-1','539846133-8','Clothing','Green'),(456,10,'664879458-5','641143438-7','Jewelery','Khaki'),(457,13,'123958608-6','309958936-5','Kids','Teal'),(458,1,'781643731-5','186193956-6','Electronics','Yellow'),(459,10,'357362786-2','487200474-4','Music','Orange'),(460,12,'438972966-7','095899096-4','Outdoors','Turquoise'),(461,12,'263523060-9','861991392-1','Beauty','Aquamarine'),(462,8,'719389515-X','342776286-6','Beauty','Orange'),(463,10,'013771402-5','284565169-4','Tools','Blue'),(464,4,'536137844-5','614445855-7','Toys','Blue'),(465,6,'561503458-0','821666796-5','Movies','Purple'),(466,7,'314882709-0','395454028-2','Games','Orange'),(467,5,'542430359-5','857943012-7','Kids','Turquoise'),(468,4,'346927657-9','897849759-4','Toys','Maroon'),(469,6,'636045678-8','576848356-X','Books','Blue'),(470,13,'258214733-8','506022050-8','Automotive','Teal'),(471,14,'601153758-8','648270839-0','Electronics','Mauv'),(472,4,'392133563-9','903250201-8','Computers','Orange'),(473,7,'065409795-X','485695194-7','Sports','Mauv'),(474,10,'074048587-3','504494537-4','Movies','Fuscia'),(475,5,'120157692-X','590099760-X','Home','Goldenrod'),(476,7,'906804906-2','333524385-4','Games','Mauv'),(477,14,'399106845-1','481225523-6','Home','Green'),(478,4,'487957259-4','551609508-5','Music','Maroon'),(479,6,'287469453-3','858917461-1','Electronics','Teal'),(480,3,'772342600-3','709375626-3','Shoes','Green'),(481,4,'903249930-0','508249037-0','Music','Violet'),(482,7,'788811616-7','463579594-2','Automotive','Khaki'),(483,10,'498858614-6','813011961-7','Shoes','Green'),(484,6,'524276021-4','436849886-0','Electronics','Violet'),(485,10,'583472194-X','383529037-1','Shoes','Goldenrod'),(486,5,'978434711-3','318607723-0','Baby','Khaki'),(487,5,'292214047-4','841607182-9','Grocery','Blue'),(488,3,'445300961-5','728849286-9','Outdoors','Aquamarine'),(489,4,'927324240-5','251907460-4','Sports','Red'),(490,14,'102070608-2','945802197-9','Outdoors','Red'),(491,11,'872593909-2','279835761-6','Grocery','Mauv'),(492,10,'496401740-0','458196685-X','Toys','Purple'),(493,1,'614627131-4','053351812-1','Health','Purple'),(494,4,'083509660-2','283837631-4','Industrial','Fuscia'),(495,8,'004594439-3','687014127-4','Beauty','Puce'),(496,1,'525905907-7','492934204-X','Shoes','Orange'),(497,1,'865768958-8','653933716-7','Home','Khaki'),(498,9,'219381801-0','737849023-7','Grocery','Maroon'),(499,13,'053198048-0','729694480-3','Home','Red'),(500,5,'555067858-6','377187747-4','Industrial','Puce'),(501,4,'043452719-X','605840427-4','Grocery','Green'),(502,2,'338444656-9','766095161-0','Baby','Puce'),(503,12,'974103206-4','398679691-6','Home','Purple'),(504,6,'386362153-0','748457698-0','Health','Mauv'),(505,10,'938226785-9','698776704-1','Jewelery','Maroon'),(506,6,'126926836-8','993620549-9','Toys','Green'),(507,5,'800033907-2','820896368-2','Home','Goldenrod'),(508,5,'452076894-2','125930514-7','Computers','Turquoise'),(509,7,'919023593-2','253606831-5','Outdoors','Blue'),(510,10,'822857636-6','826780962-7','Beauty','Yellow'),(511,3,'534561326-5','455828578-7','Home','Mauv'),(512,2,'950964337-8','039713927-6','Electronics','Orange'),(513,11,'111815616-1','246728489-1','Shoes','Indigo'),(514,8,'043110702-5','683008053-3','Beauty','Orange'),(515,9,'253166409-2','193970896-6','Computers','Green'),(516,14,'653653224-4','665671648-2','Garden','Purple'),(517,4,'938377632-3','817372900-X','Shoes','Red'),(518,9,'586266686-9','491511571-2','Home','Orange'),(519,3,'629261417-4','479332158-5','Grocery','Indigo'),(520,8,'409227608-7','627992863-2','Garden','Blue'),(521,14,'464118207-8','254911615-1','Home','Orange'),(522,14,'990985608-5','069891702-2','Shoes','Aquamarine'),(523,6,'597526985-7','418792671-2','Beauty','Khaki'),(524,11,'907328548-8','347516207-5','Games','Pink'),(525,10,'233874648-1','264175465-7','Toys','Green'),(526,3,'252267699-7','119397138-1','Outdoors','Orange'),(527,11,'075914273-4','770357305-1','Garden','Goldenrod'),(528,4,'731809382-7','320223129-4','Computers','Maroon'),(529,3,'875005654-9','223902704-5','Electronics','Violet'),(530,2,'110192795-X','504761672-X','Toys','Orange'),(531,8,'937777162-5','744292230-9','Home','Puce'),(532,4,'741265200-1','873388814-0','Shoes','Maroon'),(533,7,'290184991-1','045307476-6','Outdoors','Yellow'),(534,7,'952618148-4','801960017-5','Movies','Crimson'),(535,12,'498448114-5','647526817-8','Automotive','Yellow'),(536,14,'657401735-1','096602773-6','Toys','Puce'),(537,3,'946180252-8','428990800-4','Sports','Puce'),(538,7,'045765779-0','866659440-3','Electronics','Fuscia'),(539,11,'533785259-0','373519665-9','Garden','Purple'),(540,9,'468269431-6','235188554-6','Automotive','Yellow'),(541,13,'973710604-0','802363243-4','Beauty','Teal'),(542,3,'607339238-9','622125060-9','Health','Red'),(543,10,'976119900-2','307448115-3','Home','Violet'),(544,3,'869350269-7','001517608-8','Beauty','Fuscia'),(545,4,'095905630-0','655094621-2','Movies','Orange'),(546,6,'471275943-7','537254527-5','Garden','Goldenrod'),(547,4,'008021369-3','205558507-X','Sports','Pink'),(548,13,'666835353-3','075736981-2','Games','Fuscia'),(549,13,'329086459-6','827638218-5','Books','Puce'),(550,8,'791352742-0','997682733-4','Tools','Puce'),(551,3,'057000018-1','301674398-1','Grocery','Yellow'),(552,12,'999316612-X','755146437-9','Automotive','Teal'),(553,7,'537153652-3','394139320-0','Jewelery','Purple'),(554,8,'484949977-5','965491914-1','Music','Khaki'),(555,7,'373969449-1','481778427-X','Grocery','Pink'),(556,13,'414051344-6','893044997-2','Garden','Aquamarine'),(557,2,'266537066-2','012841579-7','Grocery','Aquamarine'),(558,4,'445518043-5','808880115-X','Home','Indigo'),(559,14,'794746805-2','443279531-X','Health','Turquoise'),(560,4,'337310096-8','534239373-6','Computers','Crimson'),(561,2,'090936039-1','190866572-6','Outdoors','Green'),(562,2,'380618288-4','236586389-2','Sports','Aquamarine'),(563,6,'323358355-9','379779643-9','Baby','Red'),(564,14,'462507676-5','705456436-7','Industrial','Maroon'),(565,2,'089427267-5','946025701-1','Health','Green'),(566,2,'878320580-2','077789017-8','Games','Yellow'),(567,6,'048761752-5','979199522-2','Home','Green'),(568,14,'558921083-6','745369417-5','Electronics','Turquoise'),(569,12,'768387174-5','801320025-6','Beauty','Orange'),(570,3,'323922871-8','346715779-3','Games','Goldenrod'),(571,3,'653630414-4','244971728-5','Baby','Blue'),(572,13,'581754145-9','148606966-5','Baby','Turquoise'),(573,11,'045133351-9','340781898-X','Home','Green'),(574,14,'200288971-6','781062716-3','Industrial','Mauv'),(575,4,'852034824-6','296073105-0','Home','Orange'),(576,5,'940120790-9','753500166-1','Home','Aquamarine'),(577,13,'808902165-4','021117538-2','Home','Khaki'),(578,6,'369983740-8','289459488-7','Industrial','Mauv'),(579,7,'386167783-0','650091516-X','Health','Blue'),(580,9,'317934147-5','062170968-9','Home','Maroon'),(581,1,'350741404-X','957776129-1','Jewelery','Yellow'),(582,13,'606252962-0','580742376-3','Music','Khaki'),(583,1,'574297740-9','241569332-4','Automotive','Pink'),(584,4,'126038638-4','525825748-7','Toys','Blue'),(585,9,'974754909-3','560283007-3','Jewelery','Violet'),(586,6,'567385755-1','953280372-6','Shoes','Crimson'),(587,10,'211757743-1','423314161-1','Home','Blue'),(588,2,'793969577-0','470403245-0','Garden','Green'),(589,7,'134064267-0','501228766-5','Beauty','Red'),(590,3,'907136789-4','825001358-1','Health','Puce'),(591,4,'957439436-0','379632484-3','Industrial','Teal'),(592,7,'368555561-8','788639017-2','Games','Crimson'),(593,5,'534801911-9','716273926-1','Kids','Goldenrod'),(594,4,'753844502-1','846050031-4','Computers','Indigo'),(595,2,'784917010-5','447607267-4','Sports','Puce'),(596,4,'613213151-5','280607205-0','Games','Green'),(597,11,'118512136-6','812334625-5','Computers','Maroon'),(598,7,'354591204-3','602395132-5','Baby','Aquamarine'),(599,8,'432426378-7','186645534-6','Beauty','Yellow'),(600,7,'381103331-X','966511978-8','Kids','Crimson'),(601,7,'837601479-X','013516321-8','Automotive','Mauv'),(602,13,'428815651-3','248451259-7','Jewelery','Turquoise'),(603,1,'918163775-6','933021695-1','Kids','Blue'),(604,4,'136731367-8','579081399-2','Beauty','Blue'),(605,13,'147529334-8','239967075-2','Toys','Blue'),(606,10,'151624790-6','918998474-9','Baby','Aquamarine'),(607,5,'892138703-X','193156045-5','Music','Green'),(608,8,'764415152-4','905081864-1','Automotive','Maroon'),(609,11,'394044919-9','087534102-0','Movies','Pink'),(610,6,'592249748-0','877721450-1','Sports','Mauv'),(611,5,'917692806-3','235921164-1','Movies','Blue'),(612,8,'278552492-6','462068744-8','Industrial','Puce'),(613,4,'033185439-2','895603073-1','Baby','Blue'),(614,3,'295266327-0','477284323-X','Toys','Violet'),(615,12,'794221693-4','377098787-X','Shoes','Crimson'),(616,14,'941132731-1','545819158-7','Tools','Maroon'),(617,2,'324307318-9','942221185-9','Kids','Aquamarine'),(618,2,'999642093-0','687807072-4','Tools','Indigo'),(619,8,'458553970-0','253866084-X','Beauty','Pink'),(620,10,'486458589-X','470668850-7','Home','Maroon'),(621,1,'013292200-2','604425292-2','Outdoors','Red'),(622,14,'358061185-2','127064884-5','Kids','Khaki'),(623,14,'982405374-3','842559928-8','Baby','Yellow'),(624,11,'243912987-9','797980759-6','Jewelery','Indigo'),(625,1,'618627402-0','263557643-2','Movies','Purple'),(626,8,'825159445-6','534230851-8','Music','Fuscia'),(627,8,'168893439-1','614454327-9','Kids','Orange'),(628,8,'892133354-1','518639426-2','Sports','Red'),(629,7,'666086363-X','804618407-1','Outdoors','Indigo'),(630,6,'495155203-5','743431534-2','Movies','Crimson'),(631,2,'612821010-4','457824476-8','Grocery','Turquoise'),(632,13,'808145944-8','500943088-6','Games','Mauv'),(633,14,'264665719-6','616010582-5','Sports','Blue'),(634,3,'046675962-2','692239011-3','Outdoors','Crimson'),(635,2,'017289080-2','682637625-3','Grocery','Red'),(636,8,'576372578-6','477375242-4','Music','Aquamarine'),(637,6,'791894585-9','592343363-X','Industrial','Maroon'),(638,10,'776067623-9','902484866-0','Garden','Red'),(639,10,'333313141-2','128415056-9','Books','Fuscia'),(640,14,'840214276-1','400881528-7','Kids','Pink'),(641,11,'191063642-8','464158426-5','Beauty','Crimson'),(642,14,'742673576-1','888940621-6','Tools','Yellow'),(643,2,'305657800-0','097836240-3','Baby','Fuscia'),(644,2,'088255887-0','100958497-9','Automotive','Puce'),(645,14,'061044649-5','035343028-5','Automotive','Blue'),(646,13,'623632564-2','545674353-1','Computers','Violet'),(647,9,'246492920-4','892986932-7','Sports','Violet'),(648,11,'190809126-6','569166568-5','Home','Teal'),(649,13,'881826954-2','355328357-2','Health','Blue'),(650,14,'721996451-X','831358543-9','Music','Green'),(651,9,'203526559-2','583087259-5','Books','Purple'),(652,3,'999961824-3','890802418-2','Industrial','Blue'),(653,7,'365913757-X','483114060-0','Outdoors','Puce'),(654,3,'851317051-8','919768352-3','Health','Maroon'),(655,11,'659485767-3','095325459-3','Books','Crimson'),(656,6,'729635677-4','987335703-3','Industrial','Khaki'),(657,4,'389150364-4','378480315-6','Computers','Mauv'),(658,6,'299731991-9','381040704-6','Home','Indigo'),(659,2,'230762088-5','581248363-9','Games','Crimson'),(660,9,'656517568-3','520624634-4','Health','Red'),(661,10,'869548652-4','491467239-1','Games','Crimson'),(662,7,'728898568-7','115932940-0','Home','Indigo'),(663,12,'757194766-9','038030699-9','Baby','Violet'),(664,8,'759527823-6','200507452-7','Shoes','Mauv'),(665,9,'603734758-1','022519407-4','Tools','Teal'),(666,13,'934005308-7','894551937-8','Industrial','Maroon'),(667,8,'589434494-8','058941696-0','Beauty','Violet'),(668,13,'249388784-0','106974510-3','Music','Yellow'),(669,2,'756078549-2','205055306-4','Computers','Goldenrod'),(670,4,'406391243-4','098910382-X','Garden','Goldenrod'),(671,10,'272665238-7','628112069-8','Movies','Orange'),(672,10,'593427796-0','717774609-9','Shoes','Red'),(673,11,'506617416-8','507390969-0','Computers','Fuscia'),(674,5,'770244679-X','261232779-7','Electronics','Aquamarine'),(675,14,'690536373-1','261593930-0','Clothing','Fuscia'),(676,13,'706306089-9','434179476-0','Games','Purple'),(677,13,'548565801-6','340248529-X','Sports','Fuscia'),(678,13,'099185121-8','477116738-9','Electronics','Crimson'),(679,4,'886504524-8','774213175-7','Movies','Blue'),(680,7,'165959502-9','281515432-3','Automotive','Aquamarine'),(681,8,'371117638-0','584524361-0','Movies','Blue'),(682,14,'892999576-4','931194959-0','Computers','Turquoise'),(683,8,'016274163-4','437868397-0','Automotive','Green'),(684,5,'360956814-3','727483943-8','Health','Turquoise'),(685,9,'559468899-4','128493141-2','Outdoors','Khaki'),(686,11,'587502078-4','108096510-6','Tools','Green'),(687,2,'193435450-3','268388284-X','Grocery','Pink'),(688,10,'932148856-1','874705085-3','Automotive','Goldenrod'),(689,11,'867907048-3','476159615-5','Movies','Pink'),(690,12,'777021839-X','747338025-7','Books','Violet'),(691,10,'585318849-6','336477561-3','Health','Fuscia'),(692,2,'783916516-8','855142428-9','Books','Maroon'),(693,6,'210548946-X','135819961-2','Shoes','Yellow'),(694,12,'553773140-1','855956466-7','Games','Puce'),(695,14,'142131745-1','506987190-0','Grocery','Pink'),(696,8,'569507238-7','761289902-7','Kids','Khaki'),(697,9,'097534543-5','297843523-2','Games','Puce'),(698,3,'508323853-5','255277588-8','Sports','Purple'),(699,9,'251136211-2','979019134-0','Sports','Red'),(700,8,'958962549-5','039012884-8','Sports','Blue'),(701,12,'736269154-8','865959853-9','Home','Pink'),(702,13,'828167894-1','240501236-7','Jewelery','Violet'),(703,5,'008010200-X','425981018-9','Shoes','Purple'),(704,14,'727247830-6','986998956-X','Shoes','Yellow'),(705,9,'216103241-0','636695859-9','Computers','Fuscia'),(706,6,'892598208-0','543797172-9','Grocery','Pink'),(707,6,'156739943-6','067725123-8','Automotive','Blue'),(708,5,'949087003-X','594012757-6','Games','Turquoise'),(709,6,'009417476-8','022444566-9','Home','Khaki'),(710,12,'927105690-6','364805065-6','Automotive','Teal'),(711,2,'447570114-7','946301713-5','Books','Aquamarine'),(712,4,'160526600-0','264849322-0','Garden','Violet'),(713,7,'240882842-2','891390961-8','Sports','Red'),(714,8,'995844453-4','837248558-5','Jewelery','Crimson'),(715,1,'313024540-5','569453622-3','Sports','Mauv'),(716,10,'006159079-7','762263059-4','Toys','Purple'),(717,13,'095353359-X','124435832-0','Home','Aquamarine'),(718,5,'076413726-3','220271095-7','Baby','Turquoise'),(719,3,'347812463-8','501770004-8','Jewelery','Puce'),(720,14,'378834904-2','738818081-8','Jewelery','Pink'),(721,2,'818419124-3','946980768-5','Jewelery','Khaki'),(722,9,'066776377-5','281618864-7','Kids','Teal'),(723,1,'670816739-5','689912816-0','Health','Blue'),(724,10,'967785338-4','962349341-X','Electronics','Aquamarine'),(725,10,'306926959-1','502711038-3','Toys','Puce'),(726,3,'291836580-7','899644865-6','Garden','Goldenrod'),(727,7,'291273317-0','277423209-0','Shoes','Fuscia'),(728,11,'451139860-7','750330733-1','Garden','Puce'),(729,8,'146350110-2','045636974-0','Grocery','Goldenrod'),(730,11,'206474652-8','587773398-2','Jewelery','Goldenrod'),(731,2,'232792247-X','357669228-2','Jewelery','Red'),(732,13,'334663247-4','667851703-2','Shoes','Indigo'),(733,4,'874665166-7','232164090-1','Baby','Khaki'),(734,7,'054428506-9','891642469-0','Home','Maroon'),(735,12,'951340452-8','587511310-3','Computers','Turquoise'),(736,1,'778551032-6','010158249-8','Games','Fuscia'),(737,6,'992182105-9','803555922-2','Books','Goldenrod'),(738,6,'127555703-1','614346917-2','Beauty','Orange'),(739,8,'129658284-1','410073037-3','Computers','Khaki'),(740,4,'399414654-2','116223862-3','Movies','Aquamarine'),(741,14,'153888747-9','963987427-2','Games','Yellow'),(742,7,'313049735-8','402697673-4','Grocery','Mauv'),(743,2,'115830171-5','110828552-X','Outdoors','Mauv'),(744,14,'383746018-5','850082296-1','Tools','Aquamarine'),(745,1,'427855476-1','650166937-5','Shoes','Yellow'),(746,9,'104731703-6','260520575-4','Music','Maroon'),(747,12,'715036634-1','459364300-7','Computers','Maroon'),(748,14,'273513039-8','827089736-1','Garden','Violet'),(749,1,'050235833-5','699679611-3','Games','Indigo'),(750,3,'942492452-6','937774048-7','Electronics','Purple'),(751,4,'482394536-0','690163044-1','Beauty','Pink'),(752,12,'041534148-5','678554092-5','Computers','Violet'),(753,14,'565529803-1','946918783-0','Books','Goldenrod'),(754,2,'559170134-5','124213340-2','Home','Indigo'),(755,13,'947686842-2','214207361-1','Kids','Orange'),(756,3,'357265270-7','862583247-4','Outdoors','Violet'),(757,13,'665607309-3','930387954-6','Shoes','Maroon'),(758,12,'355623891-8','531418558-X','Toys','Indigo'),(759,6,'578817132-6','200152719-5','Home','Blue'),(760,3,'532852263-X','589939869-8','Tools','Goldenrod'),(761,11,'914578116-8','815909940-1','Movies','Crimson'),(762,2,'504650443-X','883748033-4','Games','Yellow'),(763,11,'147446401-7','679468521-3','Tools','Puce'),(764,8,'291702293-0','862663102-2','Music','Red'),(765,10,'867078572-2','861618084-2','Industrial','Aquamarine'),(766,14,'547257075-1','408208060-0','Home','Mauv'),(767,9,'844368303-1','155489903-6','Baby','Teal'),(768,8,'051773632-2','264996765-X','Baby','Red'),(769,13,'883384356-4','462894337-0','Baby','Pink'),(770,1,'143383342-5','042420634-X','Outdoors','Yellow'),(771,4,'044899040-7','910291020-9','Movies','Crimson'),(772,11,'874838151-9','213182997-3','Industrial','Green'),(773,5,'434558261-X','569388377-9','Sports','Green'),(774,1,'406198996-0','905806510-3','Home','Turquoise'),(775,11,'937944141-X','350875624-6','Clothing','Mauv'),(776,11,'187025456-2','170363118-8','Jewelery','Fuscia'),(777,12,'905073026-4','205377220-4','Shoes','Blue'),(778,13,'728879022-3','247489272-9','Books','Indigo'),(779,11,'358641971-6','136039606-3','Music','Crimson'),(780,14,'652237218-5','187048024-4','Movies','Puce'),(781,5,'548236168-3','442583079-2','Kids','Crimson'),(782,11,'377853924-8','951978723-2','Industrial','Violet'),(783,5,'379833690-3','425706568-0','Movies','Khaki'),(784,9,'591391290-X','640362354-0','Automotive','Teal'),(785,10,'871132935-1','000865718-1','Garden','Red'),(786,1,'270274038-3','039025812-1','Jewelery','Fuscia'),(787,2,'111065618-1','108158766-0','Kids','Crimson'),(788,10,'186760961-4','683900596-8','Tools','Pink'),(789,10,'625636515-1','872480553-X','Kids','Yellow'),(790,11,'586982786-8','966309911-9','Garden','Maroon'),(791,14,'622010505-2','609892751-0','Games','Puce'),(792,7,'865363064-3','113150995-1','Electronics','Purple'),(793,2,'439551046-9','743253394-6','Shoes','Fuscia'),(794,4,'265755441-5','062965632-0','Jewelery','Yellow'),(795,6,'099165992-9','981664297-2','Health','Orange'),(796,13,'332850322-6','514987745-X','Books','Teal'),(797,9,'604736728-3','456388868-0','Sports','Purple'),(798,14,'895826808-5','418207805-5','Electronics','Purple'),(799,12,'491805083-2','529047747-0','Grocery','Pink'),(800,5,'993660065-7','965649407-5','Games','Khaki'),(801,6,'340841454-8','159519046-5','Sports','Red'),(802,5,'962882148-2','213615223-8','Jewelery','Aquamarine'),(803,13,'340899375-0','741333099-7','Music','Crimson'),(804,12,'622474174-3','078861098-8','Kids','Maroon'),(805,13,'365902399-X','309499459-8','Outdoors','Crimson'),(806,9,'538937995-0','131402350-0','Books','Khaki'),(807,11,'724095658-X','579208833-0','Home','Orange'),(808,2,'068262046-7','113338056-5','Electronics','Purple'),(809,8,'646039613-2','992872586-1','Toys','Blue'),(810,2,'350171327-4','053297255-4','Games','Khaki'),(811,1,'402608450-7','091043854-4','Sports','Turquoise'),(812,5,'824725328-3','747441574-7','Jewelery','Turquoise'),(813,8,'432511328-2','667149979-9','Electronics','Indigo'),(814,6,'733273857-0','188310623-0','Automotive','Fuscia'),(815,10,'408838172-6','787434640-8','Shoes','Red'),(816,13,'830321312-1','423168735-8','Automotive','Puce'),(817,6,'763433034-5','242193572-5','Beauty','Goldenrod'),(818,7,'764398758-0','141556583-X','Music','Green'),(819,13,'337046696-1','831769743-6','Kids','Green'),(820,14,'127736838-4','173372910-0','Shoes','Green'),(821,2,'353117802-4','094508975-9','Health','Blue'),(822,9,'945425621-1','271037108-1','Sports','Orange'),(823,13,'551561829-7','327339006-9','Tools','Blue'),(824,8,'608302270-3','967255508-3','Computers','Pink'),(825,13,'256839014-X','513421619-3','Baby','Mauv'),(826,13,'672534323-6','421430484-5','Electronics','Turquoise'),(827,7,'273688592-9','008637773-6','Computers','Purple'),(828,1,'488966786-5','035246867-X','Home','Indigo'),(829,13,'395543212-2','003517486-2','Tools','Pink'),(830,11,'600290681-9','751097339-2','Computers','Violet'),(831,4,'803708837-5','319132351-1','Movies','Crimson'),(832,5,'035053879-4','603889607-4','Computers','Yellow'),(833,4,'826302159-6','010359662-3','Home','Turquoise'),(834,14,'689550464-8','211656468-9','Tools','Purple'),(835,14,'709153536-7','566999221-0','Automotive','Purple'),(836,14,'841577871-6','116020875-1','Sports','Red'),(837,7,'384711615-0','217602986-0','Tools','Aquamarine'),(838,10,'069870530-0','725660609-5','Jewelery','Red'),(839,9,'663256525-5','842789259-4','Electronics','Mauv'),(840,11,'113801621-7','036414369-X','Toys','Khaki'),(841,14,'808951821-4','527848306-7','Clothing','Teal'),(842,8,'592990432-4','432986070-8','Automotive','Teal'),(843,9,'611363206-7','627407201-2','Automotive','Maroon'),(844,2,'491917841-7','502399842-8','Grocery','Yellow'),(845,5,'430850168-7','874122146-X','Computers','Goldenrod'),(846,5,'460494054-1','283938987-8','Toys','Fuscia'),(847,3,'926630054-3','544789139-6','Beauty','Violet'),(848,10,'195310287-5','909182128-0','Toys','Green'),(849,13,'027371029-X','549186358-0','Toys','Violet'),(850,12,'805683274-2','010555082-5','Music','Red'),(851,6,'044531697-7','797052902-X','Electronics','Turquoise'),(852,6,'623934094-4','963049059-5','Jewelery','Yellow'),(853,1,'931991815-5','314899344-6','Music','Orange'),(854,5,'906169621-6','478268076-7','Garden','Purple'),(855,3,'115541773-9','400158427-1','Home','Teal'),(856,8,'466989058-1','389227953-5','Shoes','Fuscia'),(857,1,'427889204-7','178602561-2','Movies','Red'),(858,4,'372437319-8','011538302-6','Games','Khaki'),(859,5,'815172786-1','455162289-3','Garden','Blue'),(860,13,'924246411-2','037773859-X','Computers','Khaki'),(861,14,'645778352-X','407577255-1','Shoes','Goldenrod'),(862,12,'981034002-8','660670814-1','Kids','Red'),(863,10,'208217549-9','235537939-4','Jewelery','Violet'),(864,9,'525388476-9','348448339-3','Games','Maroon'),(865,5,'709527606-4','620830910-7','Games','Puce'),(866,14,'539568868-4','903364908-X','Industrial','Turquoise'),(867,10,'843854556-4','315996607-0','Computers','Khaki'),(868,3,'144393912-9','371484886-X','Shoes','Orange'),(869,4,'053204183-6','967338197-6','Music','Violet'),(870,14,'211717634-8','156203715-3','Sports','Aquamarine'),(871,9,'237580335-3','652787845-1','Garden','Aquamarine'),(872,3,'551777391-5','342470226-9','Sports','Red'),(873,14,'047284999-9','444623107-3','Automotive','Green'),(874,10,'789743882-1','309487565-3','Beauty','Purple'),(875,5,'190106921-4','802392069-3','Jewelery','Green'),(876,1,'236705615-3','826354783-0','Kids','Green'),(877,7,'289170635-8','732716656-4','Kids','Blue'),(878,13,'028210243-4','845582237-6','Electronics','Purple'),(879,5,'841624966-0','138460877-X','Beauty','Yellow'),(880,7,'202210097-2','270291854-9','Electronics','Indigo'),(881,6,'427273206-4','068482708-5','Books','Violet'),(882,10,'261482736-3','414551492-0','Music','Fuscia'),(883,10,'902211285-3','633730338-5','Toys','Green'),(884,10,'621146901-2','403971835-6','Automotive','Maroon'),(885,10,'946957734-5','855347787-8','Garden','Goldenrod'),(886,3,'448093995-4','761985589-0','Grocery','Red'),(887,8,'488269152-3','872457887-8','Music','Red'),(888,5,'445874226-4','903450662-2','Toys','Green'),(889,8,'058700762-1','205535305-5','Shoes','Pink'),(890,1,'919574872-5','023086557-7','Outdoors','Yellow'),(891,2,'734388946-X','234565162-8','Books','Turquoise'),(892,12,'433830332-8','488109459-9','Clothing','Violet'),(893,8,'069655770-3','472220295-8','Outdoors','Green'),(894,8,'812549915-6','907634274-1','Clothing','Maroon'),(895,11,'325945402-0','716929570-9','Grocery','Goldenrod'),(896,9,'606390997-4','963728716-7','Electronics','Teal'),(897,12,'592352746-4','461386280-9','Garden','Indigo'),(898,9,'159369135-1','707293033-7','Shoes','Blue'),(899,4,'347090933-4','736092286-0','Health','Purple'),(900,5,'575959601-2','845988795-2','Baby','Khaki'),(901,9,'559574448-0','409396177-8','Automotive','Pink'),(902,5,'289340545-2','006225554-1','Industrial','Pink'),(903,2,'049500378-6','969555911-5','Home','Aquamarine'),(904,11,'114961109-X','991458501-9','Home','Fuscia'),(905,9,'004750574-5','125138165-0','Music','Red'),(906,4,'209863430-7','711546134-1','Shoes','Pink'),(907,6,'678643314-6','694214845-8','Health','Crimson'),(908,9,'774571876-7','359830137-5','Garden','Khaki'),(909,5,'301418775-5','575519249-9','Shoes','Blue'),(910,11,'670556613-2','270424358-1','Automotive','Pink'),(911,7,'247702721-2','711405801-2','Games','Indigo'),(912,3,'455772936-3','991465457-6','Toys','Blue'),(913,1,'231432286-X','927187545-1','Grocery','Maroon'),(914,8,'799323519-7','900959837-3','Home','Maroon'),(915,1,'065092853-9','708106812-X','Home','Yellow'),(916,11,'448371294-2','531052923-3','Books','Yellow'),(917,2,'542784515-1','576653177-X','Tools','Violet'),(918,12,'379631393-0','830883224-5','Shoes','Red'),(919,1,'125739125-9','148001942-9','Sports','Orange'),(920,9,'919230024-3','334580566-9','Industrial','Violet'),(921,1,'394367692-7','957728163-X','Electronics','Turquoise'),(922,1,'975885631-6','482949577-4','Tools','Khaki'),(923,14,'664152447-7','355761756-4','Books','Orange'),(924,7,'016694390-8','668429553-4','Jewelery','Purple'),(925,8,'763120149-8','833867315-3','Health','Green'),(926,5,'823175098-3','899313721-8','Health','Orange'),(927,13,'500629927-4','635580495-1','Outdoors','Pink'),(928,5,'521344212-9','105699889-X','Beauty','Purple'),(929,4,'921457423-5','818388809-7','Industrial','Fuscia'),(930,1,'500965482-2','096743170-0','Beauty','Violet'),(931,9,'884534133-X','327007388-7','Tools','Khaki'),(932,7,'787137950-X','887682114-7','Garden','Aquamarine'),(933,5,'634080297-4','810669162-4','Jewelery','Mauv'),(934,6,'198886617-0','994095103-5','Sports','Violet'),(935,8,'934863576-X','647989251-8','Tools','Goldenrod'),(936,6,'506506082-7','308933761-4','Sports','Puce'),(937,9,'449420568-0','560581000-6','Baby','Blue'),(938,1,'164079673-8','674380357-X','Garden','Goldenrod'),(939,9,'919774077-2','590306386-1','Grocery','Violet'),(940,1,'360380985-8','745989641-1','Toys','Pink'),(941,4,'093169925-8','265632681-8','Computers','Goldenrod'),(942,6,'984865376-7','890713973-3','Kids','Turquoise'),(943,12,'904058119-3','939019674-4','Automotive','Goldenrod'),(944,13,'144993829-9','456377837-0','Toys','Indigo'),(945,12,'336553156-4','166979358-3','Tools','Pink'),(946,7,'446720804-6','574254204-6','Music','Crimson'),(947,2,'949592245-3','804775859-4','Automotive','Orange'),(948,8,'876118774-7','105616856-0','Movies','Green'),(949,9,'074445883-8','216126396-X','Computers','Indigo'),(950,11,'543441919-7','156126425-3','Electronics','Indigo'),(951,13,'381204466-8','046969077-1','Sports','Orange'),(952,8,'672892478-7','857315133-1','Computers','Yellow'),(953,3,'963339162-8','773875124-X','Baby','Puce'),(954,7,'732987635-6','401443936-4','Beauty','Indigo'),(955,9,'663002655-1','752947543-6','Baby','Green'),(956,8,'432860832-0','931181568-3','Home','Crimson'),(957,10,'080434797-2','886899103-9','Sports','Turquoise'),(958,9,'399435333-5','539364798-0','Games','Turquoise'),(959,8,'013881459-7','795265034-3','Health','Aquamarine'),(960,2,'805031141-4','054102251-2','Kids','Crimson'),(961,5,'317823218-4','044521817-7','Home','Indigo'),(962,3,'286154151-2','319498840-9','Baby','Red'),(963,1,'379942624-8','167303453-5','Beauty','Fuscia'),(964,6,'247738377-9','892936627-9','Garden','Pink'),(965,4,'588190059-6','873556717-1','Sports','Puce'),(966,9,'718122633-9','554845510-9','Electronics','Blue'),(967,10,'064838119-6','789493835-1','Shoes','Crimson'),(968,7,'467506293-8','814337154-9','Outdoors','Aquamarine'),(969,12,'728613394-2','979991871-5','Jewelery','Maroon'),(970,4,'856540894-9','653218920-0','Computers','Orange'),(971,12,'737168766-3','414663696-5','Garden','Violet'),(972,3,'410257641-X','032881388-5','Automotive','Orange'),(973,1,'891100985-7','085720511-0','Computers','Crimson'),(974,12,'313016534-7','745643011-X','Health','Crimson'),(975,13,'996946117-6','336055018-8','Garden','Goldenrod'),(976,7,'270667304-4','938895219-7','Baby','Pink'),(977,7,'873816966-5','255384849-8','Toys','Green'),(978,1,'023528001-1','892216426-3','Beauty','Violet'),(979,6,'530359020-8','740950631-8','Kids','Yellow'),(980,1,'099445998-X','877601696-X','Jewelery','Indigo'),(981,7,'853029634-6','352801744-9','Toys','Violet'),(982,5,'702201704-2','478764092-5','Garden','Orange'),(983,6,'615828692-3','359704666-5','Garden','Pink'),(984,7,'946066131-9','359435735-X','Shoes','Red'),(985,14,'952807131-7','050274689-0','Computers','Khaki'),(986,8,'313667350-6','551363841-X','Grocery','Green'),(987,9,'196792028-1','107871732-X','Toys','Mauv'),(988,4,'012878207-2','213052765-5','Electronics','Goldenrod'),(989,4,'182511426-9','637219636-0','Baby','Pink'),(990,14,'936779861-X','095862438-0','Shoes','Puce'),(991,10,'619516606-5','647321150-0','Automotive','Maroon'),(992,7,'976003660-6','630710781-2','Health','Violet'),(993,4,'790197562-8','990713562-3','Outdoors','Red'),(994,13,'926670332-X','409379167-8','Clothing','Yellow'),(995,1,'526803739-0','568039511-8','Tools','Maroon'),(996,13,'153253991-6','634522845-1','Grocery','Goldenrod'),(997,12,'895560487-4','739349065-X','Jewelery','Violet'),(998,11,'129381784-8','351939578-9','Industrial','Purple'),(999,11,'755180504-4','298932788-6','Music','Violet'),(1000,5,'482207591-5','481759052-1','Electronics','Teal');
/*!40000 ALTER TABLE `product_information` ENABLE KEYS */;
UNLOCK TABLES;
/*!40103 SET TIME_ZONE=@OLD_TIME_ZONE */;

/*!40101 SET SQL_MODE=@OLD_SQL_MODE */;
/*!40014 SET FOREIGN_KEY_CHECKS=@OLD_FOREIGN_KEY_CHECKS */;
/*!40014 SET UNIQUE_CHECKS=@OLD_UNIQUE_CHECKS */;
/*!40101 SET CHARACTER_SET_CLIENT=@OLD_CHARACTER_SET_CLIENT */;
/*!40101 SET CHARACTER_SET_RESULTS=@OLD_CHARACTER_SET_RESULTS */;
/*!40101 SET COLLATION_CONNECTION=@OLD_COLLATION_CONNECTION */;
/*!40111 SET SQL_NOTES=@OLD_SQL_NOTES */;

-- Dump completed on 2019-04-17 23:45:52
